2023-07-01; 08:41:36; 00:27:59; Этикетировка; Настройка;
2023-07-01; 12:31:27; 00:06:35; Триблок; Настройка;
2023-07-01; 09:09:38; 00:09:24; Триблок; |Ремонт наливного крана;|
2023-07-01; 07:57:15; 00:05:44; Этикетировка; |Настройка после переналадки;|
2023-07-01; 04:03:50; 03:53:11; Переналадка; |Переход по этикетке, в/м и бутылке с мойкой (4 ч);|
2023-07-01; 10:30:26; 00:04:53; |Этикетировочная машина;| |Замена контрэтикетки, этикетки, марки;|
2023-07-01; 00:03:00; 00:34:40; Триблок; Обед;
2023-07-01; 01:27:14; 00:07:44; Триблок; |Ремонт наливного крана;|
2023-07-01; 13:18:18; 00:07:51; |Групповой считыватель;| |Замена рибона, коробочного стикера;|
2023-07-01; 15:07:33; 00:09:00; Триблок; |Ремонт наливного крана;|
2023-07-01; 09:36:21; 00:05:06; Триблок; Настройка;
2023-07-01; 11:52:20; 00:06:09; Триблок; |Ремонт наливного крана;|
2023-07-01; 02:08:46; 00:08:39; Триблок; Настройка;
2023-07-01; 08:03:59; 00:15:34; Триблок; |Поломка аппарата;|
2023-07-01; 09:52:40; 00:16:44; Триблок; |Ремонт наливного крана;|
2023-07-01; 02:19:00; 00:03:55; |Этикетировочная машина;| |Замена контрэтикетки, этикетки, марки;|
2023-07-01; 13:50:39; 00:03:41; |Этикетировочная машина;| |Замена QR;|
2023-07-01; 14:46:09; 00:05:17; Этикетировка; |Замена контрэтикетки, этикетки, марки;|
2023-07-01; 03:40:09; 00:26:36; Триблок; |Переход по этикетке, в/м и бутылке с мойкой (4 ч);|
2023-07-01; 15:02:37; 00:04:33; |Капсуляторная машина;| Настройка;
2023-07-01; 16:16:49; 00:08:52; Триблок; |Отсутствие электроэнергии;|
2023-07-01; 16:34:00; 00:33:16; Триблок; Обед;
2023-07-01; 17:10:28; 00:13:44; Триблок; |Ремонт наливного крана;|
2023-07-01; 17:33:57; 00:21:47; Триблок; |Переход на новый акратофор,емкость;|
2023-07-01; 18:44:07; 00:43:57; Триблок; |Переход по этикетке, пробке, мюзле;|
2023-07-02; 04:42:33; 00:26:30; |Мюзлёвочный аппарат;| |Поломка аппарата;|
2023-07-01; 22:28:48; 00:04:02; Этикетировка; Настройка;
2023-07-02; 14:26:39; 00:04:52; Этикетировка; |Замена контрэтикетки, этикетки, марки;|
2023-07-01; 22:33:03; 00:06:08; |Мюзлёвочный аппарат;| Настройка;
2023-07-02; 00:03:00; 00:40:19; |Триблок розлива;| |Открытие партии суточное;|
2023-07-01; 23:08:35; 00:06:35; Этикетировка; Настройка;
2023-07-02; 02:46:52; 00:15:09; |Мюзлёвочный аппарат;| Настройка;
2023-07-02; 10:48:21; 01:56:42; Термотоннель; |Поломка аппарата;|
2023-07-02; 09:54:57; 00:04:07; |Мюзлёвочный аппарат;| Настройка;
2023-07-01; 23:23:16; 00:04:40; |Этикетировочная машина;| |Замена контрэтикетки, этикетки, марки;|
2023-07-02; 13:36:09; 00:04:37; |Этикетировочная машина;| |Замена контрэтикетки, этикетки, марки;|
2023-07-02; 05:10:43; 00:05:57; |Мюзлёвочный аппарат;| |Поломка аппарата;|
2023-07-02; 01:05:21; 00:04:37; Этикетировка; |Замена контрэтикетки, этикетки, марки;|
2023-07-02; 03:06:39; 00:25:19; |Мюзлёвочный аппарат;| |Поломка аппарата;|
2023-07-01; 23:34:11; 00:07:22; |Мюзлёвочный аппарат;| Настройка;
2023-07-02; 05:23:03; 02:39:51; |Мюзлёвочный аппарат;| |Поломка аппарата;|
2023-07-01; 19:44:11; 00:13:29; Триблок; Настройка;
2023-07-01; 23:51:59; 00:10:00; Триблок; |Закрытие партии суточное;|
2023-07-01; 20:02:42; 00:10:32; |Капсуляторная машина;| Настройка;
2023-07-01; 20:36:07; 00:05:27; Этикетировка; Настройка;
2023-07-02; 01:21:06; 00:04:03; |Мюзлёвочный аппарат;| Настройка;
2023-07-02; 03:33:34; 00:15:14; |Мюзлёвочный аппарат;| |Поломка аппарата;|
2023-07-01; 20:50:09; 00:05:52; |Мюзлёвочный аппарат;| Настройка;
2023-07-02; 10:01:34; 00:04:43; |Мюзлёвочный аппарат;| Настройка;
2023-07-02; 03:55:04; 00:44:24; Триблок; Обед;
2023-07-01; 21:13:36; 00:05:02; Триблок; Настройка;
2023-07-02; 14:42:15; 00:07:40; Триблок; |Ремонт наливного крана;|
2023-07-02; 14:38:05; 00:04:09; Этикетировка; |Замена контрэтикетки, этикетки, марки;|
2023-07-01; 21:37:07; 00:07:02; |Мюзлёвочный аппарат;| Настройка;
2023-07-01; 21:45:59; 00:11:48; Триблок; |Ремонт наливного крана;|
2023-07-02; 08:03:59; 01:50:35; |Мюзлёвочный аппарат;| |Поломка аппарата;|
2023-07-02; 01:34:32; 00:08:03; |Мюзлёвочный аппарат;| Настройка;
2023-07-02; 15:09:34; 00:03:40; |Мюзлёвочный аппарат;| Настройка;
2023-07-03; 19:54:09; 00:09:15; Триблок; |Ремонт наливного крана;|
2023-07-02; 02:05:30; 00:07:57; |Мюзлёвочный аппарат;| Настройка;
2023-07-14; 12:08:09; 00:27:33; Триблок; Обед;
2023-07-02; 15:38:21; 00:05:27; |Мюзлёвочный аппарат;| Настройка;
2023-07-03; 08:28:33; 00:18:32; |Этикетировочная машина;| |Поломка аппарата;|
2023-07-03; 13:31:54; 00:05:26; Этикетировка; Настройка;
2023-07-02; 15:57:27; 00:22:29; Триблок; |Переход по этикетке и в/м;|
2023-07-03; 08:48:17; 00:11:44; Триблок; |Ремонт наливного крана;|
2023-07-02; 16:22:45; 00:10:14; Триблок; None;
2023-07-03; 06:52:20; 01:06:43; |Этикетировочная машина;| |Поломка аппарата;|
2023-07-02; 16:33:59; 00:31:58; Триблок; Обед;
2023-07-03; 07:59:12; 00:03:47; Триблок; None;
2023-07-02; 17:10:07; 00:10:43; Триблок; Настройка;
2023-07-03; 10:23:51; 00:03:55; Этикетировка; |Замена контрэтикетки, этикетки, марки;|
2023-07-02; 23:36:30; 00:25:27; Триблок; |Закрытие партии суточное;|
2023-07-03; 12:00:30; 00:38:15; Триблок; Обед;
2023-07-02; 18:15:55; 00:05:13; Этикетировка; |Замена контрэтикетки, этикетки, марки;|
2023-07-03; 00:03:00; 00:35:05; Триблок; |Открытие партии суточное;|
2023-07-03; 15:15:37; 00:07:02; |Мюзлёвочный аппарат;| Настройка;
2023-07-02; 17:32:03; 00:03:56; Триблок; |Замена контрэтикетки, этикетки, марки;|
2023-07-03; 03:19:57; 01:18:18; Триблок; |Переход по этикетке и в/м;|
2023-07-02; 19:18:13; 00:05:49; Этикетировка; |Замена контрэтикетки, этикетки, марки;|
2023-07-03; 09:18:26; 00:05:53; |Капсуляторная машина;| Настройка;
2023-07-03; 16:18:11; 00:04:26; Этикетировка; Настройка;
2023-07-02; 19:39:02; 00:06:06; Этикетировка; |Замена контрэтикетки, этикетки, марки;|
2023-07-03; 05:00:29; 00:10:55; Этикетировка; Настройка;
2023-07-03; 14:52:13; 00:22:54; Триблок; Настройка;
2023-07-03; 05:42:15; 00:10:15; Этикетировка; Настройка;
2023-07-03; 05:53:02; 00:04:53; Этикетировка; |Замена контрэтикетки, этикетки, марки;|
2023-07-03; 16:27:48; 00:05:11; Триблок; |Поломка аппарата;|
2023-07-02; 20:56:02; 00:05:54; Этикетировка; |Замена контрэтикетки, этикетки, марки;|
2023-07-03; 06:03:05; 00:03:58; |Групповой считыватель;| |Замена рибона, коробочного стикера;|
2023-07-02; 21:17:41; 00:03:59; |Мюзлёвочный аппарат;| Настройка;
2023-07-03; 11:28:40; 00:06:23; Триблок; Настройка;
2023-07-02; 22:00:19; 00:04:21; Триблок; Настройка;
2023-07-03; 06:27:54; 00:05:52; |Капсуляторная машина;| Настройка;
2023-07-03; 14:22:21; 00:04:07; Принтер; |Настройка принтера даты;|
2023-07-03; 12:50:31; 00:06:12; Триблок; |Поломка аппарата;|
2023-07-03; 18:26:07; 00:05:29; Принтер; |Настройка принтера даты;|
2023-07-03; 08:12:39; 00:15:43; |Этикетировочная машина;| Настройка;
2023-07-04; 13:10:26; 00:04:47; |Укладчик бутылок;| None;
2023-07-03; 16:34:00; 00:31:34; Триблок; Обед;
2023-07-05; 20:20:16; 00:12:34; Триблок; |Переход на новый акратофор,емкость;|
2023-07-03; 19:40:50; 00:03:32; Этикетировка; |Замена контрэтикетки, этикетки, марки;|
2023-07-03; 19:48:41; 00:05:26; |Мюзлёвочный аппарат;| Настройка;
2023-07-03; 19:30:34; 00:05:04; |Триблок розлива;| |Ремонт наливного крана;|
2023-07-03; 18:48:14; 00:10:27; Триблок; |Ремонт наливного крана;|
2023-07-03; 18:39:11; 00:08:38; Триблок; |Ремонт наливного крана;|
2023-07-03; 17:05:42; 00:06:18; |Мюзлёвочный аппарат;| Настройка;
2023-07-04; 10:38:58; 00:06:34; Триблок; |Ремонт наливного крана;|
2023-07-04; 03:05:34; 00:04:38; |Капсуляторная машина;| Настройка;
2023-07-03; 20:40:13; 00:10:59; Триблок; |Ремонт наливного крана;|
2023-07-04; 08:13:41; 00:07:04; Триблок; |Ремонт наливного крана;|
2023-07-04; 07:30:44; 00:04:07; Триблок; Настройка;
2023-07-04; 08:45:26; 00:16:02; Триблок; |Ремонт наливного крана;|
2023-07-04; 05:11:01; 00:18:56; Триблок; |Отсутствие электроэнергии;|
2023-07-04; 09:02:54; 00:05:36; Триблок; |Ремонт наливного крана;|
2023-07-04; 05:01:17; 00:05:21; Триблок; |Отсутствие электроэнергии;|
2023-07-03; 23:33:37; 00:28:19; Триблок; |Закрытие партии суточное;|
2023-07-04; 09:27:34; 00:05:40; Триблок; |Ремонт наливного крана;|
2023-07-03; 21:39:27; 00:17:35; Триблок; |Переход по этикетке и в/м;|
2023-07-04; 06:23:24; 00:04:59; Этикетировка; |Замена контрэтикетки, этикетки, марки;|
2023-07-03; 23:22:04; 00:05:24; |Мюзлёвочный аппарат;| Настройка;
2023-07-03; 20:19:35; 00:08:31; Триблок; |Ремонт наливного крана;|
2023-07-04; 11:20:52; 00:03:59; |Капсуляторная машина;| Настройка;
2023-07-03; 20:33:37; 00:05:23; |Этикетировочная машина;| Настройка;
2023-07-04; 06:56:27; 00:03:30; Этикетировка; |Замена контрэтикетки, этикетки, марки;|
2023-07-04; 10:23:41; 00:04:44; Этикетировка; |Замена контрэтикетки, этикетки, марки;|
2023-07-04; 11:13:33; 00:04:03; Этикетировка; Настройка;
2023-07-03; 22:14:14; 00:32:19; Триблок; |Переход по этикетке и в/м;|
2023-07-04; 11:31:28; 00:05:54; Этикетировка; |Замена контрэтикетки, этикетки, марки;|
2023-07-04; 00:03:00; 00:36:07; Триблок; Обед;
2023-07-04; 07:00:46; 00:05:20; |Мюзлёвочный аппарат;| Настройка;
2023-07-04; 01:30:08; 00:03:50; Этикетировка; |Замена контрэтикетки, этикетки, марки;|
2023-07-04; 13:39:41; 00:18:14; |Укладчик бутылок;| None;
2023-07-04; 03:57:27; 00:41:20; Триблок; Обед;
2023-07-04; 07:14:38; 00:07:07; Триблок; |Ремонт наливного крана;|
2023-07-04; 14:09:26; 00:06:03; |Укладчик бутылок;| None;
2023-07-04; 14:16:22; 00:05:50; |Укладчик бутылок;| None;
2023-07-04; 08:21:16; 00:23:41; Триблок; |Ремонт наливного крана;|
2023-07-04; 15:57:29; 00:03:30; |Мюзлёвочный аппарат;| |Поломка аппарата;|
2023-07-04; 12:53:51; 00:04:15; |Укладчик бутылок;| None;
2023-07-04; 13:24:06; 00:09:09; |Укладчик бутылок;| None;
2023-07-23; 06:03:35; 00:04:22; Триблок; None;
2023-07-04; 11:50:33; 01:02:15; |Триблок розлива;| Обед;
2023-07-04; 14:01:28; 00:05:23; |Укладчик бутылок;| None;
2023-07-04; 14:40:10; 00:04:40; |Укладчик бутылок;| None;
2023-07-05; 04:05:31; 00:31:50; Триблок; Обед;
2023-07-04; 15:09:07; 00:05:44; |Мюзлёвочный аппарат;| |Поломка аппарата;|
2023-07-04; 15:16:28; 00:07:20; |Мюзлёвочный аппарат;| |Поломка аппарата;|
2023-07-04; 15:30:30; 00:05:35; |Мюзлёвочный аппарат;| |Поломка аппарата;|
2023-07-05; 09:45:55; 00:04:46; Этикетировка; |Наполнение термотоннеля;|
2023-07-05; 07:45:03; 00:04:02; Этикетировка; |Замена контрэтикетки, этикетки, марки;|
2023-07-04; 16:34:00; 00:35:03; Триблок; Обед;
2023-07-05; 11:46:06; 00:03:55; Этикетировка; |Замена контрэтикетки, этикетки, марки;|
2023-07-05; 02:10:48; 00:07:14; |Капсуляторная машина;| Настройка;
2023-07-04; 18:31:00; 00:18:58; Триблок; |Ремонт наливного крана;|
2023-07-05; 15:01:30; 00:04:40; |Групповой считыватель;| |Замена рибона, коробочного стикера;|
2023-07-04; 18:57:03; 00:20:41; Триблок; |Переход по этикетке, в/м и бутылке с мойкой (4 ч);|
2023-07-05; 00:03:00; 00:37:34; Триблок; |Открытие партии суточное;|
2023-07-05; 14:02:03; 00:05:01; Триблок; |Замена контрэтикетки, этикетки, марки;|
2023-07-05; 10:34:57; 00:03:39; Этикетировка; |Замена контрэтикетки, этикетки, марки;|
2023-07-05; 01:20:41; 00:06:01; |Этикетировочная машина;| Настройка;
2023-07-05; 07:12:38; 00:05:56; Триблок; |Ремонт наливного крана;|
2023-07-04; 23:44:55; 00:17:04; Триблок; |Закрытие партии суточное;|
2023-07-05; 01:44:56; 00:06:35; |Мюзлёвочный аппарат;| Настройка;
2023-07-05; 13:18:39; 00:03:59; Триблок; |Замена контрэтикетки, этикетки, марки;|
2023-07-05; 04:40:48; 00:05:03; Триблок; |Ремонт наливного крана;|
2023-07-04; 23:15:19; 00:17:59; Термотоннель; |Наполнение термотоннеля;|
2023-07-05; 03:33:09; 00:04:17; Триблок; Настройка;
2023-07-04; 19:14:49; 04:00:14; Переналадка; |Переход по этикетке, в/м и бутылке с мойкой (4 ч);|
2023-07-05; 08:16:32; 00:16:35; Триблок; |Переход на новый акратофор,емкость;|
2023-07-05; 14:16:37; 00:10:11; Триблок; |Ремонт наливного крана;|
2023-07-05; 08:40:57; 00:06:53; Триблок; Настройка;
2023-07-05; 06:53:07; 00:04:06; |Мюзлёвочный аппарат;| Настройка;
2023-07-05; 05:46:05; 00:03:42; |Этикетировочная машина;| |Замена контрэтикетки, этикетки, марки;|
2023-07-05; 02:52:35; 00:09:50; |Этикетировочная машина;| |Порвалась к.этик, этикетка;|
2023-07-05; 11:59:25; 00:49:03; Триблок; Обед;
2023-07-05; 16:29:46; 00:03:13; Триблок; None;
2023-07-05; 17:31:42; 00:03:39; Этикетировка; |Замена контрэтикетки, этикетки, марки;|
2023-07-05; 16:34:00; 00:32:05; Триблок; Обед;
2023-07-05; 20:11:01; 00:03:59; Этикетировка; |Замена контрэтикетки, этикетки, марки;|
2023-07-05; 19:00:38; 00:04:56; Триблок; Настройка;
2023-07-05; 19:18:46; 00:04:02; |Групповой считыватель;| |Замена рибона, коробочного стикера;|
2023-07-05; 19:14:24; 00:03:53; |Этикетировочная машина;| |Замена контрэтикетки, этикетки, марки;|
2023-07-06; 03:55:32; 00:23:50; Триблок; Обед;
2023-07-05; 21:03:26; 00:05:20; |Мюзлёвочный аппарат;| Настройка;
2023-07-06; 06:13:33; 00:04:04; |Мюзлёвочный аппарат;| Настройка;
2023-07-06; 02:59:09; 00:03:57; Этикетировка; |Замена контрэтикетки, этикетки, марки;|
2023-07-05; 22:08:55; 00:03:43; |Этикетировочная машина;| |Замена контрэтикетки, этикетки, марки;|
2023-07-05; 22:12:40; 00:09:06; Триблок; |Ремонт наливного крана;|
2023-07-05; 23:06:06; 00:07:19; |Капсуляторная машина;| Настройка;
2023-07-05; 23:38:08; 00:23:50; Триблок; |Закрытие партии суточное;|
2023-07-06; 02:45:42; 00:05:36; Этикетировка; Настройка;
2023-07-06; 07:33:21; 00:29:36; ТО; None;
2023-07-06; 08:01:03; None; ТО; None;
2023-07-06; 11:14:41; None; None; None;
2023-07-06; 06:35:14; 00:05:18; Триблок; |Ремонт наливного крана;|
2023-07-07; 00:03:00; 00:32:16; Триблок; Обед;
2023-07-06; 01:49:38; 00:06:39; Триблок; Настройка;
2023-07-06; 06:46:35; 00:03:35; Триблок; |Ремонт наливного крана;|
2023-07-06; 16:31:03; 05:01:46; ТО; None;
2023-07-06; 03:03:07; 00:15:40; Триблок; |Переход на новый акратофор,емкость;|
2023-07-06; 01:13:03; 00:03:45; |Мюзлёвочный аппарат;| Настройка;
2023-07-06; 05:37:18; 00:12:25; |Триблок розлива;| Настройка;
2023-07-06; 01:04:58; 00:07:30; |Капсуляторная машина;| Настройка;
2023-07-06; 00:02:59; 00:38:20; Триблок; Обед;
2023-07-06; 21:40:44; 00:07:09; Триблок; |Ремонт наливного крана;|
2023-07-06; 05:07:31; 00:16:04; |Укладчик бутылок;| |Поломка аппарата;|
2023-07-07; 07:13:45; 00:11:59; |Этикетировочная машина;| Настройка;
2023-07-07; 05:40:49; 00:04:15; |Мюзлёвочный аппарат;| Настройка;
2023-07-07; 01:30:27; 00:11:30; Триблок; |Переход на новый акратофор,емкость;|
2023-07-06; 04:59:56; 00:04:20; |Капсуляторная машина;| Настройка;
2023-07-06; 06:00:34; 00:05:20; Триблок; |Ремонт наливного крана;|
2023-07-06; 04:25:47; 00:10:08; Триблок; Настройка;
2023-07-06; 07:14:52; 00:08:37; |Триблок розлива;| |Ремонт наливного крана;|
2023-07-06; 22:12:00; 00:05:25; Этикетировка; Настройка;
2023-07-07; 06:38:29; 00:04:31; |Капсуляторная машина;| Настройка;
2023-07-07; 06:48:48; 00:08:40; |Этикетировочная машина;| Настройка;
2023-07-07; 03:56:22; 00:36:28; Триблок; Обед;
2023-07-07; 05:51:28; 00:04:28; Триблок; |Ремонт наливного крана;|
2023-07-07; 02:29:20; 00:04:17; |Мюзлёвочный аппарат;| Настройка;
2023-07-06; 23:34:55; 00:27:02; Триблок; |Закрытие партии суточное;|
2023-07-07; 07:30:35; 00:32:23; |Этикетировочная машина;| Настройка;
2023-07-07; 09:28:40; 00:04:33; |Этикетировочная машина;| |Замена контрэтикетки, этикетки, марки;|
2023-07-23; 06:08:07; 00:03:48; Триблок; None;
2023-07-07; 08:32:49; 00:21:45; |Капсуляторная машина;| |Поломка аппарата;|
2023-07-07; 09:17:47; 00:10:26; Триблок; |Ремонт наливного крана;|
2023-07-07; 21:12:56; 00:08:50; Триблок; Настройка;
2023-07-08; 00:03:00; 00:35:52; Триблок; Обед;
2023-07-08; 06:06:30; 00:03:59; |Групповой считыватель;| |Замена рибона, коробочного стикера;|
2023-07-07; 23:29:25; 00:04:24; Этикетировка; Настройка;
2023-07-07; 14:40:04; 00:11:44; Триблок; |Ремонт наливного крана;|
2023-07-08; 05:40:10; 00:03:31; Этикетировка; |Замена контрэтикетки, этикетки, марки;|
2023-07-07; 22:43:56; 00:06:00; Этикетировка; |Порвалась к.этик, этикетка;|
2023-07-08; 06:24:35; 00:17:01; Этикетировка; Настройка;
2023-07-07; 23:34:04; 00:27:52; Триблок; Обед;
2023-07-07; 13:25:40; 00:04:01; Принтер; |Замена рибона, коробочного стикера;|
2023-07-07; 13:35:22; 00:06:13; Этикетировка; Настройка;
2023-07-07; 10:08:37; 00:29:15; Принтер; |Поломка аппарата;|
2023-07-08; 01:31:49; 00:04:03; Этикетировка; |Замена контрэтикетки, этикетки, марки;|
2023-07-08; 07:36:25; 00:09:36; Триблок; Настройка;
2023-07-07; 21:25:01; 00:06:41; |Мюзлёвочный аппарат;| Настройка;
2023-07-08; 03:52:40; 00:04:31; |Мюзлёвочный аппарат;| Настройка;
2023-07-07; 16:11:12; 00:03:26; Этикетировка; |Замена контрэтикетки, этикетки, марки;|
2023-07-07; 13:54:39; 00:12:07; Триблок; |Ремонт наливного крана;|
2023-07-07; 22:05:45; 00:03:56; Этикетировка; |Замена контрэтикетки, этикетки, марки;|
2023-07-07; 10:54:06; 00:09:21; Триблок; |Ремонт наливного крана;|
2023-07-07; 16:34:00; 00:39:52; Триблок; Обед;
2023-07-07; 11:37:26; 00:05:13; |Мюзлёвочный аппарат;| Настройка;
2023-07-08; 06:14:07; 00:03:36; Этикетировка; |Замена контрэтикетки, этикетки, марки;|
2023-07-07; 12:34:14; 00:05:23; Триблок; |Ремонт наливного крана;|
2023-07-07; 20:40:05; 00:25:28; Доналадка; None;
2023-07-07; 12:19:30; 00:04:07; Этикетировка; |Замена контрэтикетки, этикетки, марки;|
2023-07-08; 06:00:13; 00:03:50; Этикетировка; |Замена контрэтикетки, этикетки, марки;|
2023-07-07; 23:12:11; 00:03:41; Этикетировка; |Замена контрэтикетки, этикетки, марки;|
2023-07-07; 12:29:39; 00:04:32; |Капсуляторная машина;| Настройка;
2023-07-08; 02:30:34; 00:05:29; |Мюзлёвочный аппарат;| Настройка;
2023-07-07; 17:18:33; 03:24:18; Переналадка; None;
2023-07-08; 06:45:25; 00:16:03; Этикетировка; |Поломка аппарата;|
2023-07-07; 21:05:50; 00:07:05; Этикетировка; Настройка;
2023-07-08; 03:59:51; 00:37:30; Триблок; Обед;
2023-07-08; 07:23:48; 00:04:06; Триблок; Настройка;
2023-07-08; 07:01:29; 00:15:18; |Мюзлёвочный аппарат;| |Поломка аппарата;|
2023-07-08; 01:40:37; 00:04:07; |Мюзлёвочный аппарат;| Настройка;
2023-07-08; 07:51:14; 00:11:44; Триблок; None;
2023-07-08; 02:26:30; 00:04:03; Этикетировка; |Замена контрэтикетки, этикетки, марки;|
2023-07-08; 09:06:46; 00:06:18; Триблок; |Ремонт наливного крана;|
2023-07-08; 23:49:03; 00:12:56; Триблок; |Закрытие партии суточное;|
2023-07-08; 09:43:07; 00:14:50; Триблок; |Ремонт наливного крана;|
2023-07-08; 09:15:48; 00:03:45; |Этикетировочная машина;| |Замена контрэтикетки, этикетки, марки;|
2023-07-08; 08:54:53; 00:04:36; |Аппликатор  QR-кода;| |Замена QR;|
2023-07-09; 04:49:37; 00:04:07; Триблок; None;
2023-07-08; 18:58:34; 00:04:34; Этикетировка; Настройка;
2023-07-08; 14:35:21; 00:04:14; |Заклейщик коробов;| |Поломка аппарата;|
2023-07-08; 08:37:05; 00:04:40; Этикетировка; Настройка;
2023-07-09; 02:29:13; 00:06:49; Этикетировка; None;
2023-07-08; 15:15:30; 00:04:08; Принтер; |Замена рибона, коробочного стикера;|
2023-07-08; 10:29:19; 00:36:41; Триблок; |Переход по этикетке;|
2023-07-08; 11:13:50; 00:11:30; |Капсуляторная машина;| Настройка;
2023-07-08; 21:52:48; 00:03:47; |Групповой считыватель;| |Замена рибона, коробочного стикера;|
2023-07-08; 11:45:22; 00:15:59; |Этикетировочная машина;| Настройка;
2023-07-08; 12:01:32; 00:36:05; Триблок; Обед;
2023-07-09; 00:54:24; 00:04:39; |Мюзлёвочный аппарат;| Настройка;
2023-07-08; 16:18:51; 00:04:40; Этикетировка; |Замена контрэтикетки, этикетки, марки;|
2023-07-09; 02:11:57; 00:05:26; Этикетировка; None;
2023-07-08; 16:23:31; 00:09:28; |Укладчик бутылок;| Настройка;
2023-07-09; 01:22:39; 00:03:32; Этикетировка; |Замена контрэтикетки, этикетки, марки;|
2023-07-08; 12:50:06; 00:16:04; Триблок; |Переход на новый акратофор,емкость;|
2023-07-08; 16:34:00; 00:31:38; Триблок; Обед;
2023-07-08; 14:23:20; 00:03:56; Этикетировка; |Замена контрэтикетки, этикетки, марки;|
2023-07-08; 17:32:21; 00:03:30; Этикетировка; |Замена контрэтикетки, этикетки, марки;|
2023-07-08; 14:15:27; 00:04:38; Этикетировка; Настройка;
2023-07-08; 13:41:08; 00:04:15; |Капсуляторная машина;| Настройка;
2023-07-08; 21:24:51; 00:04:40; Этикетировка; |Замена контрэтикетки, этикетки, марки;|
2023-07-09; 07:46:40; 00:16:18; Триблок; None;
2023-07-09; 03:56:39; 00:49:27; Триблок; Обед;
2023-07-08; 23:42:02; 00:04:53; Триблок; Настройка;
2023-07-08; 18:11:59; 00:17:35; Триблок; |Ремонт наливного крана;|
2023-07-09; 02:39:00; 00:06:00; Этикетировка; None;
2023-07-08; 22:19:38; 01:17:13; Триблок; |Переход по этикетке и в/м;|
2023-07-09; 06:09:03; 00:07:01; Триблок; Настройка;
2023-07-09; 05:45:56; 00:15:49; Триблок; |Переход по этикетке;|
2023-07-09; 07:32:53; 00:07:55; Триблок; None;
2023-07-09; 07:11:40; 00:14:40; Триблок; |Ремонт наливного крана;|
2023-07-08; 21:38:42; 00:04:59; Этикетировка; |Замена контрэтикетки, этикетки, марки;|
2023-07-08; 19:51:02; 00:13:32; |Мюзлёвочный аппарат;| Настройка;
2023-07-09; 13:28:04; 00:19:43; |Триблок розлива;| Настройка;
2023-07-09; 01:32:17; 00:04:44; Триблок; Настройка;
2023-07-09; 01:59:03; 00:08:31; Этикетировка; Настройка;
2023-07-09; 00:03:00; 00:42:05; Триблок; |Переход по этикетке и в/м;|
2023-07-09; 02:19:29; 00:03:32; Этикетировка; None;
2023-07-09; 16:34:00; 00:33:41; Триблок; Обед;
2023-07-09; 02:52:51; 00:03:38; Этикетировка; None;
2023-07-09; 15:52:19; 00:05:14; Этикетировка; None;
2023-07-09; 02:56:30; 00:09:04; Триблок; Настройка;
2023-07-09; 03:14:59; 00:22:26; |Мюзлёвочный аппарат;| |Поломка аппарата;|
2023-07-10; 03:54:41; 00:04:04; Триблок; |Замена рибона, коробочного стикера;|
2023-07-09; 05:13:24; 00:11:18; |Капсуляторная машина;| Настройка;
2023-07-09; 05:27:55; 00:11:38; |Капсуляторная машина;| Настройка;
2023-07-09; 06:19:04; 00:05:28; Триблок; None;
2023-07-09; 06:33:52; 00:11:04; Триблок; |Ремонт наливного крана;|
2023-07-09; 06:46:26; 00:06:41; Триблок; None;
2023-07-10; 00:03:00; 00:38:08; Триблок; |Открытие партии суточное;|
2023-07-09; 17:17:48; 00:28:06; Триблок; |Ремонт наливного крана;|
2023-07-09; 13:56:08; 00:04:28; |Мюзлёвочный аппарат;| Настройка;
2023-07-09; 16:29:11; 00:03:48; Триблок; Настройка;
2023-07-09; 17:50:41; 00:22:41; Триблок; |Ремонт наливного крана;|
2023-07-09; 10:06:13; 01:14:58; Триблок; |Переход по этикетке и в/м;|
2023-07-09; 18:10:29; 04:14:35; Переналадка; |Переход по этикетке, в/м и бутылке с мойкой (4 ч);|
2023-07-09; 13:19:52; 00:03:29; Этикетировка; Настройка;
2023-07-10; 01:07:06; 00:12:24; Триблок; Настройка;
2023-07-09; 14:26:27; 00:42:33; Триблок; |Переход на новый акратофор,емкость;|
2023-07-09; 22:59:12; 00:03:31; Принтер; |Замена рибона, коробочного стикера;|
2023-07-09; 11:44:38; 01:01:56; |Укладчик бутылок;| Настройка;
2023-07-09; 15:38:16; 00:08:45; Этикетировка; Настройка;
2023-07-09; 12:56:42; 00:04:15; Этикетировка; None;
2023-07-09; 08:04:00; 00:16:12; Триблок; |Ремонт наливного крана;|
2023-07-10; 02:29:47; 00:24:16; Триблок; |Поломка аппарата;|
2023-07-10; 03:50:18; 00:03:49; Этикетировка; |Замена контрэтикетки, этикетки, марки;|
2023-07-10; 07:29:44; 00:03:58; Этикетировка; |Замена контрэтикетки, этикетки, марки;|
2023-07-09; 15:11:06; 00:05:07; Триблок; |Поломка аппарата;|
2023-07-09; 23:10:40; 00:06:41; Триблок; Настройка;
2023-07-09; 23:41:08; 00:20:48; Триблок; |Закрытие партии суточное;|
2023-07-09; 22:25:27; 00:33:40; Этикетировка; |Настройка после переналадки;|
2023-07-23; 02:49:06; 00:06:34; Триблок; None;
2023-07-10; 04:01:14; 00:45:28; Триблок; Обед;
2023-07-10; 00:52:24; 00:11:12; |Этикетировочная машина;| Настройка;
2023-07-10; 19:37:26; 00:03:31; Этикетировка; |Замена контрэтикетки, этикетки, марки;|
2023-07-10; 06:40:24; 00:12:09; Принтер; |Настройка принтера даты;|
2023-07-11; 02:40:03; 00:04:01; |Мюзлёвочный аппарат;| Настройка;
2023-07-10; 01:23:06; 00:05:18; |Аппликатор  QR-кода;| |Замена QR;|
2023-07-10; 02:18:10; 00:05:12; Триблок; |Сбой в работе помарочн. учета;|
2023-07-10; 06:52:35; 00:07:05; Триблок; |Замена рибона, коробочного стикера;|
2023-07-10; 07:44:26; 00:18:31; Триблок; |Техническое обслуживание линии;|
2023-07-10; 08:03:59; 08:28:20; ТО; None;
2023-07-10; 16:31:03; 01:19:53; ТО; None;
2023-07-11; 05:21:10; 00:03:30; Этикетировка; |Замена контрэтикетки, этикетки, марки;|
2023-07-10; 23:40:05; 00:21:52; Триблок; |Закрытие партии суточное;|
2023-07-11; 06:02:15; 00:10:10; Триблок; |Ремонт наливного крана;|
2023-07-10; 19:44:46; 00:05:37; |Мюзлёвочный аппарат;| Настройка;
2023-07-11; 11:21:35; 00:09:53; |Мюзлёвочный аппарат;| Настройка;
2023-07-10; 23:21:15; 00:06:09; |Мюзлёвочный аппарат;| Настройка;
2023-07-10; 17:51:03; 00:33:29; |Мюзлёвочный аппарат;| |Поломка аппарата;|
2023-07-11; 10:47:34; 00:03:25; Этикетировка; |Замена контрэтикетки, этикетки, марки;|
2023-07-11; 09:13:19; 00:16:41; Этикетировка; |Настройка принтера даты;|
2023-07-10; 19:50:26; 00:19:36; Триблок; |Переход по партии;|
2023-07-10; 18:40:00; 00:11:59; |Мюзлёвочный аппарат;| |Поломка аппарата;|
2023-07-10; 22:58:44; 00:03:36; Этикетировка; |Замена контрэтикетки, этикетки, марки;|
2023-07-10; 18:25:18; 00:07:32; Триблок; Настройка;
2023-07-11; 00:03:00; 00:35:16; Триблок; |Открытие партии суточное;|
2023-07-10; 18:53:31; 00:05:19; Триблок; |Поломка аппарата;|
2023-07-11; 07:33:08; 00:08:03; Этикетировка; Настройка;
2023-07-10; 19:30:34; 00:05:59; Этикетировка; |Замена контрэтикетки, этикетки, марки;|
2023-07-10; 21:26:00; 00:08:28; |Мюзлёвочный аппарат;| |Поломка аппарата;|
2023-07-11; 15:40:07; 00:06:07; Этикетировка; Настройка;
2023-07-11; 08:34:55; 00:08:38; Триблок; Настройка;
2023-07-10; 21:08:55; 00:05:48; Принтер; |Замена рибона, коробочного стикера;|
2023-07-11; 06:41:12; 00:06:34; Триблок; Настройка;
2023-07-11; 00:43:58; 01:54:08; Триблок; ;
2023-07-11; 02:52:03; 00:19:23; Триблок; |Переход по этикетке и в/м;|
2023-07-11; 07:46:45; 00:10:31; |Этикетировочная машина;| |Порвалась к.этик, этикетка;|
2023-07-11; 11:11:50; 00:05:09; Этикетировка; |Замена контрэтикетки, этикетки, марки;|
2023-07-11; 15:46:14; 00:05:35; Триблок; |Ремонт наливного крана;|
2023-07-11; 09:30:01; 00:22:54; |Мюзлёвочный аппарат;| |Поломка аппарата;|
2023-07-11; 10:12:23; 00:12:10; |Мюзлёвочный аппарат;| Настройка;
2023-07-11; 12:00:37; 00:43:07; Этикетировка; Обед;
2023-07-11; 12:43:46; 01:57:15; |Мюзлёвочный аппарат;| |Поломка аппарата;|
2023-07-11; 16:13:07; 00:15:01; Триблок; |Ремонт наливного крана;|
2023-07-11; 16:28:25; 00:04:33; Триблок; Обед;
2023-07-12; 10:01:01; 00:03:34; Этикетировка; |Замена контрэтикетки, этикетки, марки;|
2023-07-12; 05:54:36; 00:14:34; |Элеватор пробки;| Настройка;
2023-07-12; 07:31:41; 00:06:42; Триблок; |Поломка аппарата;|
2023-07-12; 12:34:00; 00:07:53; Этикетировка; Настройка;
2023-07-12; 02:27:01; 00:13:27; |Этикетировочная машина;| |Переход по партии;|
2023-07-11; 16:34:00; 00:34:05; Триблок; Обед;
2023-07-12; 05:30:28; 00:04:12; Этикетировка; |Замена контрэтикетки, этикетки, марки;|
2023-07-12; 14:40:47; 00:22:25; |Этикетировочная машина;| Настройка;
2023-07-11; 17:31:12; 00:09:45; |Триблок розлива;| |Переход на новый акратофор,емкость;|
2023-07-12; 03:56:34; 00:36:37; Триблок; Обед;
2023-07-12; 02:19:02; 00:05:52; |Этикетировочная машина;| Настройка;
2023-07-11; 18:05:52; 00:08:28; |Мюзлёвочный аппарат;| Настройка;
2023-07-12; 07:23:05; 00:03:35; |Укладчик бутылок;| Настройка;
2023-07-12; 01:58:49; 00:06:54; Триблок; |Поломка аппарата;|
2023-07-12; 14:07:38; 00:33:07; Триблок; |Переход по этикетке;|
2023-07-11; 19:10:02; 00:06:58; |Мюзлёвочный аппарат;| Настройка;
2023-07-12; 01:25:55; 00:19:54; Этикетировка; Настройка;
2023-07-11; 19:55:31; 00:12:44; Триблок; None;
2023-07-12; 00:02:59; 00:46:32; Триблок; Обед;
2023-07-12; 07:45:01; 00:17:57; |Элеватор пробки;| |Поломка аппарата;|
2023-07-12; 11:28:10; 00:08:24; Триблок; Настройка;
2023-07-12; 12:11:39; 00:22:08; Этикетировка; Обед;
2023-07-12; 02:46:12; 00:04:34; |Мюзлёвочный аппарат;| Настройка;
2023-07-11; 22:19:56; 00:08:50; Этикетировка; Настройка;
2023-07-11; 22:57:51; 00:06:09; Триблок; Настройка;
2023-07-12; 11:23:26; 00:04:43; Этикетировка; |Настройка принтера даты;|
2023-07-12; 10:21:35; 00:04:58; |Групповой считыватель;| |Замена рибона, коробочного стикера;|
2023-07-11; 23:05:17; 00:25:17; Триблок; |Переход по этикетке и в/м;|
2023-07-11; 23:40:09; 00:21:50; Триблок; |Закрытие партии суточное;|
2023-07-12; 07:04:46; 00:03:49; |Капсуляторная машина;| Настройка;
2023-07-12; 12:47:39; 00:09:52; |Мюзлёвочный аппарат;| Настройка;
2023-07-12; 15:59:18; 00:04:14; |Этикетировочная машина;| |Замена контрэтикетки, этикетки, марки;|
2023-07-12; 10:45:03; 00:08:09; Этикетировка; |Настройка принтера даты;|
2023-07-12; 13:08:47; 00:08:42; |Мюзлёвочный аппарат;| Настройка;
2023-07-12; 14:03:18; 00:03:49; Этикетировка; |Замена контрэтикетки, этикетки, марки;|
2023-07-12; 08:25:00; 00:04:37; Этикетировка; |Замена контрэтикетки, этикетки, марки;|
2023-07-12; 09:07:31; 00:14:01; Триблок; |Ремонт наливного крана;|
2023-07-12; 15:46:12; 00:05:57; |Групповой считыватель;| |Сбой в работе помарочн. учета;|
2023-07-12; 20:50:47; 00:04:51; Этикетировка; Настройка;
2023-07-12; 20:58:34; 00:38:29; Триблок; |Поломка аппарата;|
2023-07-12; 16:25:43; 00:07:16; Триблок; Обед;
2023-07-13; 08:50:35; 01:05:38; Триблок; |Переход по этикетке и в/м;|
2023-07-13; 10:38:08; 00:04:10; |Этикетировочная машина;| |Замена контрэтикетки, этикетки, марки;|
2023-07-13; 05:57:16; 00:05:32; Триблок; |Поломка аппарата;|
2023-07-13; 07:29:15; 00:33:40; |Элеватор пробки;| |Поломка аппарата;|
2023-07-12; 16:34:00; 00:29:45; Триблок; Обед;
2023-07-13; 03:18:17; 00:03:38; |Капсуляторная машина;| Настройка;
2023-07-12; 22:16:31; 00:48:29; |Укладчик бутылок;| |Поломка аппарата;|
2023-07-13; 14:48:41; 00:06:29; |Заклейщик коробов;| Настройка;
2023-07-13; 11:53:22; 00:05:38; Принтер; |Замена рибона, коробочного стикера;|
2023-07-12; 17:18:14; 00:20:52; Триблок; |Переход по этикетке и в/м;|
2023-07-12; 23:13:35; 00:13:50; Триблок; |Поломка аппарата;|
2023-07-13; 06:10:01; 00:06:23; Триблок; |Поломка аппарата;|
2023-07-12; 17:04:05; 00:10:13; |Мюзлёвочный аппарат;| Настройка;
2023-07-12; 23:36:33; 00:25:24; Триблок; |Открытие партии суточное;|
2023-07-12; 18:01:02; 00:05:09; Триблок; Настройка;
2023-07-12; 18:33:22; 00:20:10; Триблок; Настройка;
2023-07-13; 03:59:34; 00:37:28; Этикетировка; |Поломка аппарата;|
2023-07-12; 18:54:54; 00:12:21; Триблок; |Переход по этикетке;|
2023-07-13; 06:25:08; 00:07:21; Триблок; |Ремонт наливного крана;|
2023-07-12; 19:37:28; 00:04:59; Этикетировка; |Замена контрэтикетки, этикетки, марки;|
2023-07-13; 14:55:10; 00:05:22; |Этикетировочная машина;| |Замена контрэтикетки, этикетки, марки;|
2023-07-12; 19:50:26; 00:37:26; Триблок; None;
2023-07-13; 04:48:53; 00:04:10; |Мюзлёвочный аппарат;| Настройка;
2023-07-13; 00:03:00; 00:36:01; Триблок; Обед;
2023-07-13; 07:09:18; 00:03:37; Этикетировка; Настройка;
2023-07-13; 04:53:04; 00:05:10; Триблок; |Ремонт наливного крана;|
2023-07-13; 01:22:20; 00:04:09; Этикетировка; Настройка;
2023-07-13; 13:41:32; 00:15:07; |Мюзлёвочный аппарат;| |Поломка аппарата;|
2023-07-13; 05:43:58; 00:05:33; Этикетировка; Настройка;
2023-07-13; 01:36:18; 00:03:27; Этикетировка; Настройка;
2023-07-13; 12:43:06; 00:10:48; Триблок; |Ремонт наливного крана;|
2023-07-13; 01:59:24; 00:03:43; Триблок; |Ремонт наливного крана;|
2023-07-13; 16:27:56; 00:05:03; Триблок; Настройка;
2023-07-13; 16:34:00; 00:30:56; Триблок; Обед;
2023-07-13; 02:31:07; 00:04:37; Принтер; |Настройка принтера даты;|
2023-07-13; 18:16:10; 00:11:04; Триблок; |Переход на новый акратофор,емкость;|
2023-07-13; 17:15:03; 00:27:28; Триблок; Настройка;
2023-07-13; 19:23:03; 00:03:46; |Этикетировочная машина;| |Замена контрэтикетки, этикетки, марки;|
2023-07-13; 20:54:39; 00:09:36; |Мюзлёвочный аппарат;| Настройка;
2023-07-13; 18:01:43; 00:09:07; Триблок; Настройка;
2023-07-13; 19:09:07; 00:11:13; Триблок; Настройка;
2023-07-14; 06:49:10; 00:10:27; Триблок; Настройка;
2023-07-13; 21:36:13; 00:03:24; |Групповой считыватель;| |Замена рибона, коробочного стикера;|
2023-07-14; 03:26:35; 00:03:32; Этикетировка; |Замена контрэтикетки, этикетки, марки;|
2023-07-13; 19:29:45; 00:06:45; Принтер; |Настройка принтера даты;|
2023-07-13; 19:58:34; 00:06:18; Этикетировка; Настройка;
2023-07-14; 04:35:04; 00:04:26; Этикетировка; Настройка;
2023-07-13; 21:57:39; 00:03:25; |Мюзлёвочный аппарат;| Настройка;
2023-07-14; 04:41:14; 00:12:03; Этикетировка; Настройка;
2023-07-14; 02:15:14; 00:04:34; Этикетировка; Настройка;
2023-07-14; 03:43:05; 00:07:17; Триблок; Настройка;
2023-07-14; 04:23:56; 00:03:53; |Этикетировочная машина;| |Замена контрэтикетки, этикетки, марки;|
2023-07-14; 05:47:10; 00:03:54; Этикетировка; |Замена контрэтикетки, этикетки, марки;|
2023-07-13; 22:14:44; 00:06:46; |Укладчик бутылок;| Настройка;
2023-07-13; 22:32:37; 00:06:49; |Укладчик бутылок;| Настройка;
2023-07-14; 07:10:05; 00:05:40; Триблок; Настройка;
2023-07-14; 05:20:26; 00:03:41; |Укладчик бутылок;| Настройка;
2023-07-13; 22:44:55; 00:04:40; Этикетировка; |Замена контрэтикетки, этикетки, марки;|
2023-07-14; 05:03:28; 00:05:34; |Групповой считыватель;| |Замена рибона, коробочного стикера;|
2023-07-14; 02:24:22; 00:05:15; |Капсуляторная машина;| Настройка;
2023-07-13; 22:52:19; 00:03:58; Принтер; |Настройка принтера даты;|
2023-07-13; 20:14:09; 00:05:41; Триблок; Настройка;
2023-07-14; 07:58:46; 00:04:12; Этикетировка; |Замена контрэтикетки, этикетки, марки;|
2023-07-13; 20:21:05; 00:04:46; |Мюзлёвочный аппарат;| Настройка;
2023-07-14; 03:55:30; 00:04:43; |Укладчик бутылок;| Настройка;
2023-07-13; 23:39:47; 00:22:11; Триблок; Обед;
2023-07-13; 20:47:53; 00:06:41; Этикетировка; |Замена контрэтикетки, этикетки, марки;|
2023-07-14; 02:34:43; 00:03:56; Этикетировка; |Замена контрэтикетки, этикетки, марки;|
2023-07-14; 09:50:47; 00:06:52; Этикетировка; Настройка;
2023-07-14; 02:38:39; 00:09:34; Триблок; Настройка;
2023-07-14; 10:48:52; 00:16:00; Триблок; |Переход на новый акратофор,емкость;|
2023-07-14; 09:11:11; 00:03:44; |Этикетировочная машина;| |Замена контрэтикетки, этикетки, марки;|
2023-07-14; 00:20:34; 00:23:16; Триблок; Обед;
2023-07-14; 01:53:17; 00:04:06; Этикетировка; |Замена контрэтикетки, этикетки, марки;|
2023-07-23; 07:13:55; 00:07:08; Триблок; None;
2023-07-14; 08:07:29; 00:05:18; Этикетировка; |Настройка принтера даты;|
2023-07-14; 11:58:33; 00:09:24; Триблок; Настройка;
2023-07-14; 20:46:03; 00:05:17; |Мюзлёвочный аппарат;| Настройка;
2023-07-15; 07:12:15; 00:04:19; Этикетировка; |Замена контрэтикетки, этикетки, марки;|
2023-07-14; 13:32:02; 00:03:24; Этикетировка; |Замена контрэтикетки, этикетки, марки;|
2023-07-14; 08:25:50; 00:04:48; Триблок; Настройка;
2023-07-14; 13:03:41; 00:04:52; |Капсуляторная машина;| Настройка;
2023-07-14; 21:38:22; 00:04:49; |Групповой считыватель;| |Замена рибона, коробочного стикера;|
2023-07-14; 14:15:10; 00:04:00; |Аппликатор  QR-кода;| |Замена QR;|
2023-07-14; 14:05:53; 00:07:15; |Триблок розлива;| |Ремонт наливного крана;|
2023-07-15; 15:22:28; 00:15:15; Триблок; |Переход на новый акратофор,емкость;|
2023-07-14; 22:28:57; 00:09:08; Этикетировка; Настройка;
2023-07-15; 02:26:52; 00:04:31; Триблок; Настройка;
2023-07-14; 16:29:29; 00:03:29; Триблок; |Замена контрэтикетки, этикетки, марки;|
2023-07-15; 03:18:46; 00:05:32; Этикетировка; |Замена контрэтикетки, этикетки, марки;|
2023-07-14; 22:53:42; 00:05:22; Принтер; |Настройка принтера даты;|
2023-07-15; 00:58:50; 00:11:16; |Мюзлёвочный аппарат;| Настройка;
2023-07-14; 23:30:39; 00:31:19; Триблок; Обед;
2023-07-15; 09:26:05; 00:20:40; Триблок; |Ремонт наливного крана;|
2023-07-14; 16:33:59; 00:34:36; Триблок; Обед;
2023-07-15; 03:58:20; 00:39:17; Триблок; Обед;
2023-07-14; 18:09:24; 00:04:10; Триблок; Настройка;
2023-07-15; 06:40:30; 00:13:49; |Укладчик бутылок;| Настройка;
2023-07-14; 18:42:18; 00:26:58; Триблок; |Переход на новый акратофор,емкость;|
2023-07-15; 05:07:29; 00:07:15; Принтер; |Настройка принтера даты;|
2023-07-15; 11:29:25; 00:30:43; Триблок; |Поломка аппарата;|
2023-07-15; 08:33:19; 00:03:58; |Мюзлёвочный аппарат;| Настройка;
2023-07-15; 05:57:43; 00:06:04; Этикетировка; |Замена контрэтикетки, этикетки, марки;|
2023-07-15; 05:44:50; 00:06:25; Этикетировка; Настройка;
2023-07-15; 01:10:32; 00:19:24; Триблок; |Поломка аппарата;|
2023-07-15; 09:03:51; 00:03:25; Этикетировка; Настройка;
2023-07-15; 12:22:16; 00:06:16; Этикетировка; Настройка;
2023-07-15; 00:03:00; 00:36:22; Триблок; Обед;
2023-07-15; 05:52:33; 00:05:06; |Капсуляторная машина;| Настройка;
2023-07-15; 01:43:29; 00:35:32; Триблок; |Переход по этикетке и в/м;|
2023-07-14; 19:53:12; 00:04:27; Триблок; None;
2023-07-14; 20:07:51; 00:04:40; |Этикетировочная машина;| |Замена контрэтикетки, этикетки, марки;|
2023-07-15; 11:08:54; 00:07:12; Триблок; |Поломка аппарата;|
2023-07-15; 16:27:25; 00:05:34; |Мюзлёвочный аппарат;| Настройка;
2023-07-15; 16:34:00; 00:34:06; Триблок; Обед;
2023-07-23; 03:51:35; 00:06:52; Триблок; None;
2023-07-16; 04:04:26; 00:04:27; |Заклейщик коробов;| Настройка;
2023-07-15; 19:53:47; 00:06:06; |Этикетировочная машина;| Настройка;
2023-07-16; 01:50:17; 00:03:30; Этикетировка; |Замена контрэтикетки, этикетки, марки;|
2023-07-16; 10:07:56; 00:04:35; |Капсуляторная машина;| Настройка;
2023-07-15; 20:23:34; 00:04:06; |Этикетировочная машина;| |Замена контрэтикетки, этикетки, марки;|
2023-07-16; 07:18:02; 00:05:24; Этикетировка; Настройка;
2023-07-15; 10:48:15; 00:14:28; |Групповой считыватель;| |Сбой в работе помарочн. учета;|
2023-07-15; 12:43:55; 00:56:23; Триблок; |Поломка аппарата;|
2023-07-15; 14:28:56; 00:06:10; |Элеватор пробки;| |Поломка аппарата;|
2023-07-15; 15:39:03; 00:04:38; Триблок; Настройка;
2023-07-15; 16:08:41; 00:08:06; Этикетировка; |Настройка принтера даты;|
2023-07-16; 05:10:54; 00:06:01; |Аппликатор  QR-кода;| |Замена QR;|
2023-07-15; 17:30:19; 00:06:05; Этикетировка; Настройка;
2023-07-16; 02:07:40; 00:03:55; Принтер; |Замена рибона, коробочного стикера;|
2023-07-15; 17:39:59; 00:04:56; |Мюзлёвочный аппарат;| Настройка;
2023-07-15; 18:38:21; 00:04:38; Триблок; Настройка;
2023-07-16; 09:22:12; 00:04:38; |Элеватор пробки;| Настройка;
2023-07-15; 19:19:10; 00:05:58; Принтер; |Настройка принтера даты;|
2023-07-15; 23:36:45; 00:25:12; Триблок; |Закрытие партии суточное;|
2023-07-15; 19:25:09; 00:04:17; |Групповой считыватель;| |Сбой в работе помарочн. учета;|
2023-07-16; 02:37:32; 00:05:14; |Укладчик бутылок;| Настройка;
2023-07-15; 20:54:48; 00:10:57; Принтер; |Сбой в работе помарочн. учета;|
2023-07-16; 00:03:00; 00:37:14; Триблок; |Открытие партии суточное;|
2023-07-16; 10:16:54; 00:08:00; |Этикетировочная машина;| Настройка;
2023-07-15; 22:16:11; 00:04:40; Этикетировка; |Замена контрэтикетки, этикетки, марки;|
2023-07-16; 12:14:50; 00:05:50; Этикетировка; Настройка;
2023-07-16; 05:38:14; 00:13:03; Триблок; |Переход на новый акратофор,емкость;|
2023-07-15; 22:25:12; 00:05:52; Этикетировка; Настройка;
2023-07-16; 02:55:27; 00:05:45; |Капсуляторная машина;| Настройка;
2023-07-15; 21:28:57; 00:06:57; Триблок; |Ремонт наливного крана;|
2023-07-16; 07:56:43; 00:06:15; Триблок; Настройка;
2023-07-16; 08:30:16; 00:04:38; Триблок; Настройка;
2023-07-16; 06:20:54; 00:03:32; Этикетировка; |Замена контрэтикетки, этикетки, марки;|
2023-07-16; 11:01:33; 00:04:06; |Мюзлёвочный аппарат;| Настройка;
2023-07-16; 01:03:35; 00:08:18; Этикетировка; Настройка;
2023-07-16; 11:55:52; 00:13:14; |Триблок розлива;| |Переход по партии;|
2023-07-16; 12:40:40; 00:31:05; |Триблок розлива;| |Ремонт наливного крана;|
2023-07-23; 04:00:16; 00:35:23; Триблок; Обед;
2023-07-16; 13:56:20; 00:04:44; |Капсуляторная машина;| Настройка;
2023-07-17; 00:46:58; 00:05:27; Триблок; |Ремонт наливного крана;|
2023-07-17; 06:26:21; 00:03:39; |Аппликатор  QR-кода;| |Замена QR;|
2023-07-16; 22:41:10; 00:07:32; Этикетировка; |Замена контрэтикетки, этикетки, марки;|
2023-07-16; 15:16:11; 00:13:33; Триблок; |Ремонт наливного крана;|
2023-07-16; 23:40:52; 00:21:06; Триблок; |Закрытие партии суточное;|
2023-07-17; 02:05:38; 00:05:07; Этикетировка; Настройка;
2023-07-16; 16:18:50; 00:14:09; Триблок; |Ремонт наливного крана;|
2023-07-16; 16:34:00; 00:29:56; Триблок; Обед;
2023-07-17; 02:10:47; 00:03:42; |Этикетировочная машина;| |Замена контрэтикетки, этикетки, марки;|
2023-07-16; 17:28:19; 00:04:47; Этикетировка; Настройка;
2023-07-17; 22:54:11; 00:16:49; Триблок; |Переход на новый акратофор,емкость;|
2023-07-17; 20:38:56; 00:04:05; Этикетировка; |Замена контрэтикетки, этикетки, марки;|
2023-07-16; 19:42:10; 00:12:13; Триблок; |Ремонт наливного крана;|
2023-07-17; 02:41:58; 00:03:35; Принтер; |Замена рибона, коробочного стикера;|
2023-07-17; 07:03:09; 00:05:20; Этикетировка; |Поломка аппарата;|
2023-07-17; 01:22:36; 00:15:15; Триблок; Настройка;
2023-07-17; 03:09:15; 00:04:35; Триблок; Настройка;
2023-07-17; 21:24:45; 00:05:33; Этикетировка; |Замена контрэтикетки, этикетки, марки;|
2023-07-17; 00:02:59; 00:41:33; Триблок; |Открытие партии суточное;|
2023-07-17; 18:50:30; 00:15:25; Этикетировка; |Ожидание бутылки;|
2023-07-17; 20:28:31; 00:03:37; Этикетировка; |Сбой в работе помарочн. учета;|
2023-07-16; 20:10:44; 00:03:48; |Этикетировочная машина;| |Замена контрэтикетки, этикетки, марки;|
2023-07-17; 07:23:01; 00:39:57; Триблок; |Техническое обслуживание линии;|
2023-07-16; 20:51:09; 00:14:11; Триблок; |Переход на новый акратофор,емкость;|
2023-07-17; 03:37:51; 00:04:23; |Капсуляторная машина;| Настройка;
2023-07-16; 21:34:57; 00:04:39; Этикетировка; |Ожидание бутылки;|
2023-07-17; 08:01:44; 08:30:58; ТО; None;
2023-07-16; 21:55:35; 00:06:42; |Укладчик бутылок;| Настройка;
2023-07-17; 05:25:53; 00:03:35; Этикетировка; |Замена контрэтикетки, этикетки, марки;|
2023-07-16; 22:31:01; 00:04:56; Этикетировка; Настройка;
2023-07-17; 19:09:02; 01:09:52; |Групповой считыватель;| |Сбой в работе помарочн. учета;|
2023-07-17; 16:31:03; 02:19:22; ТО; None;
2023-07-17; 21:32:00; 00:19:11; |Групповой считыватель;| |Сбой в работе помарочн. учета;|
2023-07-17; 03:55:21; 00:49:09; Триблок; Обед;
2023-07-17; 23:32:13; 00:29:45; Триблок; |Закрытие партии суточное;|
2023-07-18; 00:02:59; 00:37:09; Триблок; Обед;
2023-07-17; 06:19:51; 00:06:27; Триблок; |Ремонт наливного крана;|
2023-07-18; 04:02:53; 00:35:21; Этикетировка; Обед;
2023-07-18; 04:43:32; 00:03:27; Этикетировка; |Замена контрэтикетки, этикетки, марки;|
2023-07-18; 06:02:37; 00:03:28; Этикетировка; |Замена контрэтикетки, этикетки, марки;|
2023-07-18; 06:25:16; 00:04:19; Этикетировка; |Замена контрэтикетки, этикетки, марки;|
2023-07-18; 15:50:40; 00:05:08; |Этикетировочная машина;| |Замена контрэтикетки, этикетки, марки;|
2023-07-19; 11:53:33; 00:04:09; |Мюзлёвочный аппарат;| Настройка;
2023-07-18; 06:49:11; 00:23:21; Триблок; |Переход на новый акратофор,емкость;|
2023-07-18; 16:29:26; 00:03:33; |Мюзлёвочный аппарат;| Настройка;
2023-07-18; 08:25:31; 00:20:01; Триблок; |Ремонт наливного крана;|
2023-07-18; 21:06:25; 00:09:34; Триблок; |Переход на новый акратофор,емкость;|
2023-07-19; 06:11:47; 00:14:41; Триблок; |Ремонт наливного крана;|
2023-07-18; 08:09:36; 00:06:56; Этикетировка; Настройка;
2023-07-19; 09:07:49; 00:22:54; |Капсуляторная машина;| Настройка;
2023-07-19; 00:03:00; 00:34:08; Триблок; Обед;
2023-07-19; 06:55:06; 00:05:27; Этикетировка; |Замена контрэтикетки, этикетки, марки;|
2023-07-18; 16:34:00; 00:32:23; Триблок; Обед;
2023-07-19; 07:52:12; 00:05:13; Триблок; None;
2023-07-18; 23:23:06; 00:38:50; |Этикетировочная машина;| |Закрытие партии суточное;|
2023-07-19; 00:40:11; 00:10:35; |Мюзлёвочный аппарат;| Настройка;
2023-07-18; 13:45:54; 00:20:07; Триблок; |Переход на новый акратофор,емкость;|
2023-07-18; 19:20:06; 00:05:01; Этикетировка; |Замена контрэтикетки, этикетки, марки;|
2023-07-18; 18:05:14; 00:04:31; Этикетировка; |Замена контрэтикетки, этикетки, марки;|
2023-07-18; 12:12:00; 00:09:20; Триблок; Настройка;
2023-07-18; 13:28:40; 00:03:44; Этикетировка; |Замена контрэтикетки, этикетки, марки;|
2023-07-19; 12:58:42; 00:05:24; Этикетировка; |Замена контрэтикетки, этикетки, марки;|
2023-07-18; 19:30:20; 00:03:54; |Капсуляторная машина;| Настройка;
2023-07-19; 10:51:16; 00:04:03; |Аппликатор  QR-кода;| |Замена QR;|
2023-07-18; 10:48:12; 00:03:48; |Мюзлёвочный аппарат;| Настройка;
2023-07-18; 19:52:37; 00:03:57; |Мюзлёвочный аппарат;| Настройка;
2023-07-18; 11:13:49; 00:03:44; |Капсуляторная машина;| Настройка;
2023-07-19; 14:32:12; 00:13:56; Триблок; |Ремонт наливного крана;|
2023-07-18; 19:57:24; 00:10:32; Триблок; Настройка;
2023-07-19; 03:55:41; 00:40:57; Триблок; Обед;
2023-07-19; 10:29:53; 00:08:07; |Формирователь коробов;| Настройка;
2023-07-19; 11:05:03; 00:06:03; Этикетировка; |Порвалась к.этик, этикетка;|
2023-07-19; 08:40:46; 00:21:45; Триблок; |Переход по этикетке и в/м;|
2023-07-19; 05:44:49; 00:04:27; |Этикетировочная машина;| |Замена контрэтикетки, этикетки, марки;|
2023-07-19; 05:51:18; 00:09:07; |Мюзлёвочный аппарат;| Настройка;
2023-07-19; 14:04:50; 00:05:15; Этикетировка; |Замена контрэтикетки, этикетки, марки;|
2023-07-19; 16:33:59; 00:33:01; Триблок; Обед;
2023-07-23; 04:51:05; 00:06:47; Триблок; None;
2023-07-19; 09:52:30; 00:11:04; |Капсуляторная машина;| Настройка;
2023-07-19; 13:43:07; 00:18:48; |Мюзлёвочный аппарат;| Настройка;
2023-07-19; 13:35:28; 00:05:02; Принтер; |Замена рибона, коробочного стикера;|
2023-07-19; 15:49:39; 00:05:50; Принтер; |Сбой в работе помарочн. учета;|
2023-07-19; 17:29:04; 00:26:36; Этикетировка; |Поломка аппарата;|
2023-07-20; 11:01:45; 00:05:25; Триблок; |Переход по партии;|
2023-07-20; 01:47:35; 00:18:20; Триблок; |Переход на новый акратофор,емкость;|
2023-07-19; 19:32:18; 00:05:18; Этикетировка; |Настройка принтера даты;|
2023-07-20; 16:34:00; 00:31:47; Триблок; Обед;
2023-07-20; 11:16:49; 00:05:35; Триблок; |Переход по партии;|
2023-07-20; 09:10:03; 00:05:38; Триблок; |Ремонт наливного крана;|
2023-07-19; 19:37:36; 00:08:13; Триблок; |Отсутствие воды;|
2023-07-20; 12:06:07; 00:04:00; Триблок; Обед;
2023-07-19; 20:38:32; 00:03:26; Этикетировка; |Замена контрэтикетки, этикетки, марки;|
2023-07-20; 14:09:33; 00:07:05; |Мюзлёвочный аппарат;| Настройка;
2023-07-20; 10:54:36; 00:03:49; |Мюзлёвочный аппарат;| Настройка;
2023-07-20; 10:11:13; 00:06:24; Этикетировка; |Замена контрэтикетки, этикетки, марки;|
2023-07-19; 19:54:30; 00:08:40; |Мюзлёвочный аппарат;| Настройка;
2023-07-20; 07:19:46; 00:22:25; Триблок; |Переход по этикетке и в/м;|
2023-07-20; 07:58:04; 00:04:54; |Мюзлёвочный аппарат;| Настройка;
2023-07-20; 12:10:47; 00:26:05; Триблок; Обед;
2023-07-20; 10:40:58; 00:03:49; Этикетировка; |Замена контрэтикетки, этикетки, марки;|
2023-07-19; 23:34:00; 00:27:58; Триблок; |Закрытие партии суточное;|
2023-07-19; 23:10:51; 00:15:16; Триблок; Настройка;
2023-07-20; 11:33:11; 00:20:42; Триблок; |Переход по этикетке и в/м;|
2023-07-20; 08:03:59; 00:14:12; Триблок; |Переход по этикетке и в/м;|
2023-07-20; 00:03:00; 00:35:05; Триблок; Обед;
2023-07-20; 04:12:30; 00:26:19; Триблок; Обед;
2023-07-20; 08:18:19; 00:05:47; Триблок; |Переход по этикетке и в/м;|
2023-07-20; 04:00:32; 00:08:26; Триблок; Настройка;
2023-07-20; 15:03:33; 00:04:18; Этикетировка; |Ожидание бутылки;|
2023-07-20; 08:26:35; 00:06:15; |Мюзлёвочный аппарат;| Настройка;
2023-07-20; 19:27:54; 00:25:21; Триблок; |Переход по этикетке и в/м;|
2023-07-20; 12:48:51; 00:22:10; Триблок; |Переход по этикетке и в/м;|
2023-07-20; 10:49:39; 00:04:57; Этикетировка; |Замена контрэтикетки, этикетки, марки;|
2023-07-20; 17:28:39; 00:05:08; Этикетировка; |Замена контрэтикетки, этикетки, марки;|
2023-07-20; 16:28:40; 00:04:19; |Этикетировочная машина;| |Замена контрэтикетки, этикетки, марки;|
2023-07-20; 18:14:47; 00:05:34; Этикетировка; |Замена контрэтикетки, этикетки, марки;|
2023-07-20; 19:54:34; 00:30:55; Триблок; |Переход по этикетке и в/м;|
2023-07-21; 00:03:00; 00:35:43; Триблок; |Открытие партии суточное;|
2023-07-20; 23:38:48; 00:23:09; Триблок; |Закрытие партии суточное;|
2023-07-23; 05:22:56; 00:05:15; |Триблок розлива;| None;
2023-07-20; 23:15:38; 00:17:52; |Групповой считыватель;| |Сбой в работе помарочн. учета;|
2023-07-20; 21:30:28; 00:07:09; Триблок; |Ремонт наливного крана;|
2023-07-21; 18:04:08; 00:03:32; |Капсуляторная машина;| Настройка;
2023-07-21; 14:52:59; 00:05:12; |Капсуляторная машина;| Настройка;
2023-07-21; 15:09:41; 00:04:20; |Капсуляторная машина;| Настройка;
2023-07-21; 14:01:31; 00:04:49; |Капсуляторная машина;| Настройка;
2023-07-21; 16:46:38; 00:04:12; |Мюзлёвочный аппарат;| Настройка;
2023-07-21; 07:30:18; 00:05:47; Депаллетизатор; Настройка;
2023-07-21; 19:57:19; 00:04:05; Этикетировка; |Замена контрэтикетки, этикетки, марки;|
2023-07-21; 08:19:35; 00:22:47; Триблок; |Переход по этикетке, в/м и бутылке с мойкой (4 ч);|
2023-07-21; 14:13:20; 00:04:34; |Капсуляторная машина;| Настройка;
2023-07-21; 16:19:02; 00:12:25; |Капсуляторная машина;| Настройка;
2023-07-21; 03:35:48; 00:22:05; Триблок; |Переход по этикетке и в/м;|
2023-07-21; 04:02:01; 00:34:52; Триблок; Обед;
2023-07-21; 05:34:06; 00:03:23; Этикетировка; |Замена контрэтикетки, этикетки, марки;|
2023-07-21; 11:45:50; 00:14:44; Доналадка; None;
2023-07-21; 01:26:01; 00:06:42; Принтер; |Замена рибона, коробочного стикера;|
2023-07-21; 08:50:44; 02:59:57; Переналадка; None;
2023-07-21; 02:16:45; 00:05:01; Этикетировка; Настройка;
2023-07-21; 12:00:36; 00:35:59; Триблок; Обед;
2023-07-21; 04:59:08; 00:03:50; |Аппликатор  QR-кода;| |Замена QR;|
2023-07-21; 17:57:14; 00:04:44; |Капсуляторная машина;| Настройка;
2023-07-21; 05:56:03; 00:05:16; Триблок; |Ремонт наливного крана;|
2023-07-21; 18:54:01; 00:04:18; Этикетировка; |Замена контрэтикетки, этикетки, марки;|
2023-07-21; 19:00:04; 00:06:27; |Мюзлёвочный аппарат;| Настройка;
2023-07-21; 13:14:13; 00:07:02; |Мюзлёвочный аппарат;| Настройка;
2023-07-21; 17:10:24; 00:07:16; |Мюзлёвочный аппарат;| Настройка;
2023-07-21; 06:05:09; 00:03:55; |Этикетировочная машина;| |Замена контрэтикетки, этикетки, марки;|
2023-07-21; 06:10:58; 00:04:50; |Мюзлёвочный аппарат;| Настройка;
2023-07-21; 06:16:35; 00:07:12; Триблок; |Ремонт наливного крана;|
2023-07-21; 13:37:31; 00:03:49; |Этикетировочная машина;| |Замена контрэтикетки, этикетки, марки;|
2023-07-21; 06:55:35; 00:18:15; |Этикетировочная машина;| Настройка;
2023-07-21; 15:18:10; 00:03:44; |Этикетировочная машина;| |Замена контрэтикетки, этикетки, марки;|
2023-07-21; 20:10:50; 00:35:53; |Аппликатор  QR-кода;| |Сбой в работе помарочн. учета;|
2023-07-21; 16:09:57; 00:03:30; |Групповой считыватель;| |Замена рибона, коробочного стикера;|
2023-07-21; 21:35:44; 00:05:42; Этикетировка; |Замена контрэтикетки, этикетки, марки;|
2023-07-21; 13:46:15; 00:09:12; |Групповой считыватель;| |Сбой в работе помарочн. учета;|
2023-07-21; 23:28:25; 00:33:31; Триблок; |Закрытие партии суточное;|
2023-07-21; 23:16:06; 00:08:38; Триблок; |Поломка аппарата;|
2023-07-22; 00:03:00; 00:38:45; Триблок; Обед;
2023-07-22; 02:26:43; 00:16:13; Триблок; |Переход по этикетке и в/м;|
2023-07-22; 07:47:10; 00:15:48; |Триблок розлива;| |Переход по этикетке и в/м;|
2023-07-22; 16:28:19; 00:04:40; Триблок; Настройка;
2023-07-22; 10:46:01; 00:04:27; Этикетировка; Настройка;
2023-07-22; 03:04:07; 00:14:27; Триблок; |Переход по этикетке и в/м;|
2023-07-22; 22:41:12; 00:05:13; |Мюзлёвочный аппарат;| Настройка;
2023-07-22; 02:59:30; 00:04:10; |Мюзлёвочный аппарат;| Настройка;
2023-07-22; 11:27:02; 00:11:25; |Мюзлёвочный аппарат;| |Поломка аппарата;|
2023-07-22; 20:02:41; 00:23:57; |Этикетировочная машина;| Настройка;
2023-07-22; 04:00:45; 00:33:56; Триблок; Обед;
2023-07-22; 11:40:06; 00:08:22; |Триблок розлива;| |Ремонт наливного крана;|
2023-07-22; 10:51:26; 00:06:58; |Триблок розлива;| |Ремонт наливного крана;|
2023-07-22; 12:24:41; 00:07:19; |Мюзлёвочный аппарат;| |Поломка аппарата;|
2023-07-22; 12:36:36; 00:59:13; |Мюзлёвочный аппарат;| |Поломка аппарата;|
2023-07-22; 05:01:54; 00:04:20; Триблок; Настройка;
2023-07-22; 13:40:08; 00:09:16; |Мюзлёвочный аппарат;| |Поломка аппарата;|
2023-07-22; 05:42:51; 00:04:27; |Этикетировочная машина;| |Замена контрэтикетки, этикетки, марки;|
2023-07-22; 06:11:27; None; Триблок; None;
2023-07-22; 14:11:29; 00:54:24; |Мюзлёвочный аппарат;| |Поломка аппарата;|
2023-07-22; 06:34:35; 00:21:02; Триблок; |Отсутствие электроэнергии;|
2023-07-22; 15:07:15; 00:11:07; |Мюзлёвочный аппарат;| |Поломка аппарата;|
2023-07-22; 15:22:29; 00:05:06; |Мюзлёвочный аппарат;| |Поломка аппарата;|
2023-07-22; 15:44:33; 00:05:33; |Мюзлёвочный аппарат;| |Поломка аппарата;|
2023-07-22; 15:50:08; 00:05:09; |Мюзлёвочный аппарат;| |Поломка аппарата;|
2023-07-22; 16:34:00; 00:32:59; Триблок; Обед;
2023-07-22; 07:38:24; 00:03:46; Триблок; Настройка;
2023-07-22; 11:01:53; 00:15:54; |Мюзлёвочный аппарат;| |Поломка аппарата;|
2023-07-22; 19:36:52; 00:20:20; |Капсуляторная машина;| Настройка;
2023-07-22; 10:03:30; 00:07:04; Триблок; |Ремонт наливного крана;|
2023-07-22; 07:06:03; 00:26:36; Триблок; Настройка;
2023-07-22; 09:50:46; 00:07:39; Триблок; |Ремонт наливного крана;|
2023-07-22; 21:43:52; 00:07:51; |Мюзлёвочный аппарат;| Настройка;
2023-07-22; 08:04:00; 00:33:57; Триблок; |Переход по этикетке и в/м;|
2023-07-22; 09:45:44; 00:04:23; Этикетировка; Настройка;
2023-07-22; 18:15:51; 01:06:05; Триблок; |Переход по этикетке и в/м;|
2023-07-22; 22:47:46; 00:03:42; |Мюзлёвочный аппарат;| Настройка;
2023-07-22; 23:02:42; 00:06:27; |Мюзлёвочный аппарат;| Настройка;
2023-07-22; 22:12:09; 00:17:26; |Мюзлёвочный аппарат;| Настройка;
2023-07-22; 20:27:39; 00:10:38; Триблок; Настройка;
2023-07-22; 21:05:46; 00:04:38; Этикетировка; |Замена контрэтикетки, этикетки, марки;|
2023-07-23; 17:37:01; 00:18:33; Триблок; None;
2023-07-22; 21:10:25; 00:08:42; |Мюзлёвочный аппарат;| Настройка;
2023-07-22; 21:24:24; 00:05:03; |Этикетировочная машина;| |Замена контрэтикетки, этикетки, марки;|
2023-07-22; 21:30:39; 00:12:22; |Мюзлёвочный аппарат;| Настройка;
2023-07-22; 21:53:12; 00:06:19; |Мюзлёвочный аппарат;| Настройка;
2023-07-23; 12:43:23; 00:08:49; Триблок; None;
2023-07-22; 22:00:57; 00:06:54; |Мюзлёвочный аппарат;| Настройка;
2023-07-22; 22:30:34; 00:09:29; |Мюзлёвочный аппарат;| Настройка;
2023-07-22; 22:52:58; 00:05:58; |Мюзлёвочный аппарат;| Настройка;
2023-07-22; 23:10:09; 00:04:36; |Мюзлёвочный аппарат;| Настройка;
2023-07-22; 23:22:06; 00:11:53; |Мюзлёвочный аппарат;| Настройка;
2023-07-22; 23:37:32; 00:24:25; |Мюзлёвочный аппарат;| Настройка;
2023-07-23; 09:48:43; 01:00:14; |Мюзлёвочный аппарат;| |Поломка аппарата;|
2023-07-23; 16:12:20; 00:20:38; Триблок; None;
2023-07-23; 08:10:48; 00:36:17; Триблок; None;
2023-07-23; 14:32:39; 00:23:42; Триблок; None;
2023-07-23; 08:50:45; 00:14:03; Триблок; None;
2023-07-23; 09:05:12; 00:05:10; Триблок; None;
2023-07-23; 12:55:54; 00:13:13; |Мюзлёвочный аппарат;| Настройка;
2023-07-23; 09:17:02; 00:18:18; Триблок; None;
2023-07-23; 10:54:37; 00:14:49; |Мюзлёвочный аппарат;| |Поломка аппарата;|
2023-07-23; 00:03:00; 00:37:29; Триблок; Обед;
2023-07-23; 15:03:16; 00:11:38; Триблок; None;
2023-07-23; 11:29:12; 00:03:57; |Мюзлёвочный аппарат;| Настройка;
2023-07-23; 11:13:49; 00:09:14; |Мюзлёвочный аппарат;| Настройка;
2023-07-23; 13:35:22; 00:11:53; Триблок; None;
2023-07-23; 13:22:25; 00:07:51; Триблок; None;
2023-07-23; 15:20:57; 00:12:59; Триблок; None;
2023-07-23; 11:47:25; 00:47:22; Триблок; Обед;
2023-07-23; 15:40:54; 00:19:21; Триблок; None;
2023-07-23; 18:14:06; 00:15:35; Триблок; None;
2023-07-23; 13:50:59; 00:17:22; Триблок; None;
2023-07-23; 14:13:50; 00:13:50; Триблок; None;
2023-07-23; 16:33:59; 00:30:43; Триблок; Обед;
2023-07-23; 01:02:27; 00:04:28; Триблок; None;
2023-07-23; 16:01:21; 00:04:58; Триблок; None;
2023-07-23; 17:11:19; 00:14:03; Триблок; None;
2023-07-23; 19:14:25; 00:06:13; Триблок; None;
2023-07-23; 00:42:13; 00:14:47; Триблок; |Ремонт наливного крана;|
2023-07-23; 00:57:49; 00:04:18; |Триблок розлива;| None;
2023-07-23; 01:07:28; 00:04:36; Триблок; None;
2023-07-23; 01:22:05; 00:04:02; Триблок; None;
2023-07-23; 01:29:56; 00:09:13; Триблок; None;
2023-07-23; 01:41:56; 00:06:14; Триблок; None;
2023-07-23; 01:49:45; 00:06:05; Триблок; None;
2023-07-23; 01:56:05; 00:23:00; |Мюзлёвочный аппарат;| |Поломка аппарата;|
2023-07-23; 02:26:04; 00:03:37; Триблок; None;
2023-07-23; 02:39:51; 00:05:27; Триблок; None;
2023-07-23; 18:33:35; 00:39:36; Триблок; |Поломка аппарата;|
2023-07-23; 22:05:52; 00:06:05; Триблок; None;
2023-07-23; 03:07:22; 00:06:49; |Мюзлёвочный аппарат;| Настройка;
2023-07-23; 19:33:44; 00:34:15; |Мюзлёвочный аппарат;| |Поломка аппарата;|
2023-07-23; 03:29:34; 00:09:00; |Аппликатор  QR-кода;| |Сбой в работе помарочн. учета;|
2023-07-23; 03:41:20; 00:04:34; Триблок; None;
2023-07-23; 04:39:02; 00:06:51; Триблок; None;
2023-07-23; 05:38:30; 00:05:56; Триблок; None;
2023-07-23; 22:19:30; 00:14:39; Триблок; None;
2023-07-23; 05:47:31; 00:05:20; |Мюзлёвочный аппарат;| Настройка;
2023-07-23; 06:22:01; 00:04:38; Триблок; None;
2023-07-23; 22:38:29; 00:13:23; Триблок; None;
2023-07-23; 06:33:27; 00:07:24; |Мюзлёвочный аппарат;| Настройка;
2023-07-24; 04:43:40; 00:06:50; Триблок; None;
2023-07-23; 06:48:34; 00:10:52; Триблок; |Ремонт наливного крана;|
2023-07-23; 07:21:41; 00:04:25; Триблок; None;
2023-07-23; 20:09:54; 01:26:25; Триблок; |Ремонт наливного крана;|
2023-07-23; 07:26:15; 00:09:04; |Капсуляторная машина;| Настройка;
2023-07-23; 07:44:59; 00:09:11; Триблок; None;
2023-07-23; 07:54:12; 00:08:47; Триблок; None;
2023-07-24; 04:52:08; 00:17:51; Триблок; None;
2023-07-24; 00:51:36; 00:14:59; Триблок; None;
2023-07-23; 21:47:23; 00:14:21; Триблок; None;
2023-07-24; 01:09:23; 00:09:46; Триблок; None;
2023-07-23; 22:54:38; 00:17:55; Триблок; None;
2023-07-24; 01:29:15; 00:04:36; Триблок; None;
2023-07-23; 23:18:28; 00:13:04; Триблок; None;
2023-07-24; 01:52:15; 00:26:40; Триблок; |Поломка аппарата;|
2023-07-24; 01:37:05; 00:10:08; Триблок; None;
2023-07-23; 23:33:08; 00:28:50; Триблок; |Закрытие партии суточное;|
2023-07-24; 02:31:15; 00:24:12; Триблок; None;
2023-07-24; 03:21:57; 00:21:15; Триблок; None;
2023-07-24; 03:04:23; 00:14:03; Триблок; None;
2023-07-24; 00:02:59; 00:35:16; Триблок; Обед;
2023-07-24; 03:49:35; 00:48:41; Триблок; Обед;
2023-07-24; 06:08:26; 00:06:01; Триблок; None;
2023-07-24; 05:15:03; 00:14:42; Триблок; None;
2023-07-24; 05:39:16; 00:13:37; Триблок; None;
2023-07-24; 08:03:59; None; Триблок; None;
2023-07-24; 06:17:03; 00:59:03; Триблок; None;
2023-07-24; 07:27:44; 00:35:11; Триблок; None;
2023-07-31; 23:34:40; 00:27:19; Триблок; |Закрытие партии суточное;|
2023-07-24; 08:21:35; 00:18:15; Триблок; |Переход по этикетке, в/м и бутылке с мойкой (4 ч);|
2023-07-25; 07:23:22; 00:10:01; |Триблок розлива;| |Ремонт наливного крана;|
2023-07-24; 18:40:42; 00:05:06; |Этикетировочная машина;| |Замена контрэтикетки, этикетки, марки;|
2023-07-24; 18:55:54; 00:21:25; |Этикетировочная машина;| None;
2023-07-25; 09:29:59; 00:07:50; |Мюзлёвочный аппарат;| Настройка;
2023-07-25; 02:49:24; 00:05:32; Триблок; Настройка;
2023-07-25; 00:03:00; 00:57:14; Триблок; |Открытие партии суточное;|
2023-07-24; 13:25:46; 02:30:47; Доналадка; Настройка;
2023-07-24; 08:36:56; 04:51:04; Переналадка; |Переход по этикетке, в/м и бутылке с мойкой (4 ч);|
2023-07-25; 01:22:58; 00:09:35; Триблок; |Ремонт наливного крана;|
2023-07-24; 16:04:21; 00:04:55; Этикетировка; |Замена контрэтикетки, этикетки, марки;|
2023-07-24; 16:23:30; 00:09:28; Триблок; |Переход по этикетке;|
2023-07-25; 04:39:35; 00:05:41; Этикетировка; Настройка;
2023-07-24; 16:34:00; 00:31:10; Триблок; Обед;
2023-07-25; 08:58:53; 00:03:40; Этикетировка; |Замена контрэтикетки, этикетки, марки;|
2023-07-24; 19:40:54; 00:03:34; |Аппликатор  QR-кода;| |Замена QR;|
2023-07-25; 07:10:14; 00:05:38; Этикетировка; Настройка;
2023-07-24; 17:17:31; 00:30:52; Триблок; |Ремонт наливного крана;|
2023-07-24; 20:20:04; 00:05:11; |Мюзлёвочный аппарат;| Настройка;
2023-07-25; 05:13:24; 00:03:37; Этикетировка; |Замена контрэтикетки, этикетки, марки;|
2023-07-24; 17:55:17; 00:05:54; |Этикетировочная машина;| |Замена контрэтикетки, этикетки, марки;|
2023-07-24; 19:49:27; 00:04:01; Триблок; Настройка;
2023-07-25; 05:56:09; 00:06:26; |Укладчик бутылок;| Настройка;
2023-07-25; 07:47:23; 00:04:50; Принтер; |Замена рибона, коробочного стикера;|
2023-07-24; 20:27:13; 00:05:28; |Элеватор пробки;| Настройка;
2023-07-25; 02:39:33; 00:04:41; Триблок; Настройка;
2023-07-25; 06:50:05; 00:03:30; |Аппликатор  QR-кода;| |Замена QR;|
2023-07-24; 18:19:36; 00:15:05; |Групповой считыватель;| |Замена рибона, коробочного стикера;|
2023-07-24; 21:04:07; 02:57:36; Триблок; |Поломка аппарата;|
2023-07-24; 18:10:04; 00:06:37; |Мюзлёвочный аппарат;| Настройка;
2023-07-25; 03:22:24; 00:13:05; Триблок; |Переход на новый акратофор,емкость;|
2023-07-25; 06:57:37; 00:07:47; |Триблок розлива;| Настройка;
2023-07-25; 04:00:59; 00:36:08; Этикетировка; Обед;
2023-07-25; 09:07:20; 00:07:34; |Мюзлёвочный аппарат;| Настройка;
2023-07-25; 08:04:04; 00:03:48; Этикетировка; |Замена контрэтикетки, этикетки, марки;|
2023-07-25; 11:17:25; 00:06:27; Этикетировка; |Замена контрэтикетки, этикетки, марки;|
2023-07-25; 11:26:19; 01:33:19; Переналадка; None;
2023-07-25; 12:51:47; 01:29:03; Переналадка; None;
2023-07-25; 09:47:53; 00:10:06; Триблок; |Переход по партии;|
2023-07-25; 10:13:11; 00:06:26; |Мюзлёвочный аппарат;| Настройка;
2023-07-26; 10:48:20; 00:07:08; Триблок; |Поломка аппарата;|
2023-07-25; 14:17:59; 02:14:53; Переналадка; None;
2023-07-26; 12:47:56; 00:12:43; Триблок; |Переход на новый акратофор,емкость;|
2023-07-26; 07:55:56; 00:04:49; Триблок; |Ремонт наливного крана;|
2023-07-25; 16:31:03; 02:39:10; Переналадка; None;
2023-07-26; 01:33:09; 00:06:01; Этикетировка; |Порвалась к.этик, этикетка;|
2023-07-25; 19:07:22; 01:48:32; Доналадка; None;
2023-07-26; 11:21:10; 00:27:16; |Триблок розлива;| Обед;
2023-07-26; 01:24:27; 00:04:22; Этикетировка; |Замена контрэтикетки, этикетки, марки;|
2023-07-26; 16:33:59; 00:29:48; Триблок; Обед;
2023-07-25; 21:20:55; 00:06:15; Триблок; |Ремонт наливного крана;|
2023-07-25; 21:15:50; 00:03:29; Этикетировка; |Замена контрэтикетки, этикетки, марки;|
2023-07-26; 01:44:13; 00:05:30; Этикетировка; |Замена контрэтикетки, этикетки, марки;|
2023-07-26; 20:49:41; 00:04:15; |Капсуляторная машина;| Настройка;
2023-07-25; 21:29:21; 00:03:35; |Мюзлёвочный аппарат;| Настройка;
2023-07-26; 12:41:52; 00:05:43; |Капсуляторная машина;| Настройка;
2023-07-26; 10:32:19; 00:05:49; Триблок; |Ремонт наливного крана;|
2023-07-26; 02:03:30; 00:06:24; |Мюзлёвочный аппарат;| Настройка;
2023-07-25; 22:17:21; 00:06:25; Этикетировка; |Замена контрэтикетки, этикетки, марки;|
2023-07-26; 02:13:39; 00:05:37; Триблок; |Ремонт наливного крана;|
2023-07-26; 10:23:05; 00:04:14; Этикетировка; |Замена контрэтикетки, этикетки, марки;|
2023-07-26; 13:53:30; 00:06:47; Триблок; |Поломка аппарата;|
2023-07-26; 08:58:41; 00:05:19; Этикетировка; |Замена контрэтикетки, этикетки, марки;|
2023-07-25; 23:01:55; 00:13:41; |Мюзлёвочный аппарат;| Настройка;
2023-07-26; 03:57:56; 00:37:15; Триблок; Обед;
2023-07-25; 22:49:24; 00:03:36; |Этикетировочная машина;| |Замена контрэтикетки, этикетки, марки;|
2023-07-26; 20:36:51; 00:05:32; |Капсуляторная машина;| Настройка;
2023-07-25; 23:35:56; 00:26:03; Триблок; |Закрытие партии суточное;|
2023-07-26; 07:10:24; 00:04:15; |Этикетировочная машина;| |Замена контрэтикетки, этикетки, марки;|
2023-07-26; 15:42:33; 00:06:03; Триблок; |Ремонт наливного крана;|
2023-07-26; 00:02:59; 00:36:52; Триблок; Обед;
2023-07-26; 19:49:05; 00:04:12; Этикетировка; |Замена контрэтикетки, этикетки, марки;|
2023-07-26; 07:26:47; 00:04:01; Триблок; |Ремонт наливного крана;|
2023-07-26; 21:44:59; 00:08:01; Триблок; Настройка;
2023-07-26; 16:27:02; 00:05:58; Триблок; |Поломка аппарата;|
2023-07-26; 23:34:34; 00:27:22; Триблок; |Закрытие партии суточное;|
2023-07-26; 19:53:41; 00:04:01; Триблок; Настройка;
2023-07-27; 00:03:00; 00:35:29; Триблок; |Открытие партии суточное;|
2023-07-27; 02:49:41; 00:05:04; |Капсуляторная машина;| Настройка;
2023-07-27; 03:19:01; 00:06:18; Триблок; |Переход на новый акратофор,емкость;|
2023-07-27; 17:38:39; 00:17:47; |Мюзлёвочный аппарат;| Настройка;
2023-07-27; 05:57:00; 00:04:30; Этикетировка; |Замена контрэтикетки, этикетки, марки;|
2023-07-27; 08:19:18; 00:04:43; Принтер; |Замена рибона, коробочного стикера;|
2023-07-27; 03:59:57; 00:34:37; |Триблок розлива;| Обед;
2023-07-27; 21:22:19; 00:04:19; Триблок; |Поломка аппарата;|
2023-07-27; 15:25:07; 00:04:34; Этикетировка; |Замена контрэтикетки, этикетки, марки;|
2023-07-27; 06:12:24; 00:03:47; |Капсуляторная машина;| Настройка;
2023-07-27; 11:14:55; 00:05:08; Триблок; |Ремонт наливного крана;|
2023-07-27; 18:31:29; 00:07:44; Триблок; |Ремонт наливного крана;|
2023-07-27; 19:56:15; 00:07:13; Триблок; |Ремонт наливного крана;|
2023-07-27; 12:58:33; 00:05:14; Триблок; Настройка;
2023-07-27; 18:42:49; 00:03:38; |Этикетировочная машина;| |Замена контрэтикетки, этикетки, марки;|
2023-07-27; 16:16:55; 00:16:03; |Триблок розлива;| |Переход на новый акратофор,емкость;|
2023-07-27; 13:42:25; 00:05:02; |Мюзлёвочный аппарат;| Настройка;
2023-07-27; 07:07:41; 00:09:39; |Мюзлёвочный аппарат;| Настройка;
2023-07-27; 07:17:46; 00:03:46; |Мюзлёвочный аппарат;| Настройка;
2023-07-27; 20:26:13; 00:10:26; |Мюзлёвочный аппарат;| |Поломка аппарата;|
2023-07-27; 13:54:57; 00:06:31; |Аппликатор  QR-кода;| |Сбой в работе помарочн. учета;|
2023-07-27; 19:27:33; 00:04:36; |Капсуляторная машина;| Настройка;
2023-07-27; 14:45:19; 00:05:32; Этикетировка; Настройка;
2023-07-28; 02:09:22; 00:10:35; Этикетировка; Настройка;
2023-07-27; 20:39:41; 00:04:29; Этикетировка; Настройка;
2023-07-27; 19:19:48; 00:05:54; Триблок; Настройка;
2023-07-27; 19:08:40; 00:03:29; Принтер; |Замена рибона, коробочного стикера;|
2023-07-27; 16:34:04; 00:48:58; Этикетировка; Обед;
2023-07-27; 11:58:30; 00:37:34; Триблок; Обед;
2023-07-27; 21:41:02; 00:08:43; |Мюзлёвочный аппарат;| |Поломка аппарата;|
2023-07-27; 13:26:37; 00:03:52; Этикетировка; |Замена контрэтикетки, этикетки, марки;|
2023-07-27; 17:32:10; 00:05:06; |Мюзлёвочный аппарат;| Настройка;
2023-07-27; 11:00:01; 00:06:12; |Укладчик бутылок;| Настройка;
2023-07-27; 23:32:09; 00:29:50; Триблок; |Открытие партии суточное;|
2023-07-27; 15:44:56; 00:07:45; Триблок; |Ремонт наливного крана;|
2023-07-27; 08:09:39; 00:05:45; |Капсуляторная машина;| Настройка;
2023-07-28; 00:02:59; 00:37:49; Триблок; |Открытие партии суточное;|
2023-07-28; 03:40:22; 01:18:43; Триблок; Обед;
2023-07-27; 19:13:02; 00:05:42; Этикетировка; Настройка;
2023-07-28; 06:02:05; 00:16:01; |Капсуляторная машина;| Настройка;
2023-07-28; 02:42:28; 00:03:51; Триблок; None;
2023-07-28; 00:43:23; 01:01:38; Триблок; |Переход по этикетке и в/м;|
2023-07-28; 02:31:59; 00:06:55; |Капсуляторная машина;| Настройка;
2023-07-28; 06:24:57; 00:14:58; |Мюзлёвочный аппарат;| |Поломка аппарата;|
2023-07-28; 05:02:40; 00:05:05; |Капсуляторная машина;| Настройка;
2023-07-28; 14:54:54; 00:10:12; |Капсуляторная машина;| Настройка;
2023-07-28; 22:22:28; 00:22:18; Триблок; |Переход по этикетке и в/м;|
2023-07-28; 15:05:09; 00:03:50; |Этикетировочная машина;| |Замена контрэтикетки, этикетки, марки;|
2023-07-28; 13:16:02; 00:05:10; |Капсуляторная машина;| Настройка;
2023-07-28; 10:32:36; 00:07:07; |Капсуляторная машина;| Настройка;
2023-07-28; 13:25:52; 00:07:33; |Капсуляторная машина;| Настройка;
2023-07-28; 07:12:56; 00:13:44; |Капсуляторная машина;| Настройка;
2023-07-28; 20:16:05; 00:04:48; Этикетировка; |Замена контрэтикетки, этикетки, марки;|
2023-07-28; 17:27:11; 00:07:03; Триблок; |Ремонт наливного крана;|
2023-07-28; 07:26:41; 00:12:00; |Капсуляторная машина;| Настройка;
2023-07-28; 13:34:38; 00:04:08; |Капсуляторная машина;| Настройка;
2023-07-28; 07:51:36; 00:11:23; |Мюзлёвочный аппарат;| |Поломка аппарата;|
2023-07-28; 10:43:22; 00:07:45; |Капсуляторная машина;| Настройка;
2023-07-28; 08:04:00; 00:05:02; |Мюзлёвочный аппарат;| Настройка;
2023-07-28; 11:17:33; 00:12:34; |Капсуляторная машина;| Настройка;
2023-07-29; 01:41:06; 00:11:06; |Мюзлёвочный аппарат;| Настройка;
2023-07-28; 09:31:36; 00:07:43; |Капсуляторная машина;| Настройка;
2023-07-28; 14:14:14; 00:10:06; |Капсуляторная машина;| Настройка;
2023-07-28; 11:52:30; 00:42:59; |Капсуляторная машина;| Настройка;
2023-07-28; 09:58:43; 00:09:31; |Капсуляторная машина;| Настройка;
2023-07-28; 22:14:13; 00:08:13; |Капсуляторная машина;| Настройка;
2023-07-28; 18:57:15; 00:07:28; |Капсуляторная машина;| Настройка;
2023-07-28; 16:11:02; 00:04:10; Этикетировка; |Замена контрэтикетки, этикетки, марки;|
2023-07-28; 12:46:13; 00:07:44; |Капсуляторная машина;| Настройка;
2023-07-28; 10:20:51; 00:08:40; |Капсуляторная машина;| Настройка;
2023-07-28; 16:27:02; 00:05:58; |Этикетировочная машина;| |Замена контрэтикетки, этикетки, марки;|
2023-07-29; 00:03:00; 00:33:44; Триблок; |Открытие партии суточное;|
2023-07-29; 03:59:27; 00:39:18; Триблок; Обед;
2023-07-28; 16:33:59; 00:33:51; Триблок; Обед;
2023-07-29; 05:30:03; 00:04:34; |Аппликатор  QR-кода;| |Замена QR;|
2023-07-29; 05:21:43; 00:03:48; Принтер; |Замена рибона, коробочного стикера;|
2023-07-29; 05:41:56; 00:04:44; Этикетировка; |Замена контрэтикетки, этикетки, марки;|
2023-07-28; 23:34:38; 00:27:18; Триблок; |Закрытие партии суточное;|
2023-07-28; 22:51:01; 00:42:14; |Капсуляторная машина;| |Переход по этикетке и в/м;|
2023-07-28; 21:32:40; 00:09:18; Триблок; |Ремонт наливного крана;|
2023-07-28; 19:54:42; 00:04:18; Принтер; |Замена рибона, коробочного стикера;|
2023-07-29; 09:10:14; 00:13:24; Триблок; |Ремонт наливного крана;|
2023-07-28; 21:14:32; 00:07:56; |Групповой считыватель;| |Сбой в работе помарочн. учета;|
2023-07-28; 20:56:42; 00:05:06; |Мюзлёвочный аппарат;| Настройка;
2023-07-28; 19:19:35; 00:05:59; |Мюзлёвочный аппарат;| Настройка;
2023-07-29; 21:14:59; 00:11:27; Триблок; |Ремонт наливного крана;|
2023-07-29; 02:56:28; 00:36:10; Триблок; |Поломка аппарата;|
2023-07-29; 03:51:52; 00:06:37; |Заклейщик коробов;| Настройка;
2023-07-29; 04:39:01; 00:03:26; |Этикетировочная машина;| |Замена контрэтикетки, этикетки, марки;|
2023-07-29; 09:35:37; 00:13:09; Триблок; |Ремонт наливного крана;|
2023-07-29; 06:02:50; 00:15:31; Триблок; |Ремонт наливного крана;|
2023-07-29; 05:46:41; 00:09:21; |Мюзлёвочный аппарат;| Настройка;
2023-07-29; 14:06:40; 00:09:13; |Капсуляторная машина;| Настройка;
2023-07-29; 07:25:39; 00:07:32; Триблок; |Ремонт наливного крана;|
2023-07-29; 15:01:50; 00:06:16; |Капсуляторная машина;| Настройка;
2023-07-29; 06:50:48; 00:05:11; |Капсуляторная машина;| Настройка;
2023-07-29; 13:07:07; 00:04:05; |Групповой считыватель;| |Замена контрэтикетки, этикетки, марки;|
2023-07-29; 17:49:02; 00:05:01; Этикетировка; |Замена контрэтикетки, этикетки, марки;|
2023-07-29; 20:19:55; 00:07:35; Триблок; |Ремонт наливного крана;|
2023-07-29; 07:44:14; 00:04:40; |Мюзлёвочный аппарат;| Настройка;
2023-07-29; 13:21:36; 00:05:25; Триблок; Настройка;
2023-07-29; 15:11:58; 00:04:58; |Мюзлёвочный аппарат;| Настройка;
2023-07-29; 13:27:09; 00:10:09; Триблок; |Ремонт наливного крана;|
2023-07-29; 10:45:40; 00:12:13; Триблок; |Переход по партии;|
2023-07-29; 08:06:28; 00:06:45; Триблок; None;
2023-07-29; 11:19:20; 00:03:33; |Этикетировочная машина;| |Замена контрэтикетки, этикетки, марки;|
2023-07-29; 08:16:09; 00:04:47; Триблок; None;
2023-07-29; 08:27:55; 00:06:41; Триблок; None;
2023-07-29; 17:58:32; 00:09:07; Этикетировка; |Настройка принтера даты;|
2023-07-29; 11:23:27; 00:04:41; |Мюзлёвочный аппарат;| Настройка;
2023-07-29; 19:31:01; 00:15:51; Триблок; |Ремонт наливного крана;|
2023-07-29; 11:53:40; 00:05:05; Этикетировка; |Замена контрэтикетки, этикетки, марки;|
2023-07-29; 11:58:46; 00:35:55; Триблок; Обед;
2023-07-29; 21:01:54; 00:11:01; |Мюзлёвочный аппарат;| Настройка;
2023-07-29; 16:34:00; 00:30:58; Триблок; Обед;
2023-07-29; 18:08:01; 00:15:18; Триблок; |Ремонт наливного крана;|
2023-07-29; 17:16:18; 00:07:57; |Мюзлёвочный аппарат;| Настройка;
2023-07-29; 22:38:25; 00:09:38; Триблок; |Переход на новый акратофор,емкость;|
2023-07-29; 23:30:53; 00:31:05; Триблок; |Закрытие партии суточное;|
2023-07-30; 00:03:00; 00:34:18; Триблок; Обед;
2023-07-30; 00:52:01; 00:08:40; |Мюзлёвочный аппарат;| Настройка;
2023-07-30; 02:16:23; 00:05:41; |Этикетировочная машина;| |Замена контрэтикетки, этикетки, марки;|
2023-07-30; 02:36:29; 00:15:35; |Мюзлёвочный аппарат;| Настройка;
2023-07-30; 21:18:03; 00:04:04; |Мюзлёвочный аппарат;| Настройка;
2023-07-30; 13:21:36; 00:04:45; |Капсуляторная машина;| Настройка;
2023-07-30; 03:02:59; 00:06:01; |Капсуляторная машина;| Настройка;
2023-07-30; 21:51:58; 00:09:14; Триблок; |Ремонт наливного крана;|
2023-07-30; 13:56:23; 00:11:15; Этикетировка; Настройка;
2023-07-30; 17:56:01; 00:03:52; |Капсуляторная машина;| Настройка;
2023-07-30; 18:06:52; 00:05:00; Этикетировка; |Замена контрэтикетки, этикетки, марки;|
2023-07-30; 16:29:26; 00:03:33; Триблок; Настройка;
2023-07-30; 08:42:16; 03:20:19; |Мюзлёвочный аппарат;| |Поломка аппарата;|
2023-07-30; 21:14:16; 00:03:46; Этикетировка; |Замена контрэтикетки, этикетки, марки;|
2023-07-30; 03:34:11; 00:05:12; Этикетировка; |Замена контрэтикетки, этикетки, марки;|
2023-07-30; 04:00:52; 00:39:34; Этикетировка; Обед;
2023-07-30; 21:35:42; 00:15:28; Триблок; |Переход на новый акратофор,емкость;|
2023-07-30; 04:52:03; 00:03:29; Этикетировка; |Замена контрэтикетки, этикетки, марки;|
2023-07-30; 08:04:56; 00:05:02; Этикетировка; Настройка;
2023-07-30; 05:01:03; 00:05:26; Триблок; |Ремонт наливного крана;|
2023-07-30; 18:38:27; 00:03:46; Принтер; |Настройка принтера даты;|
2023-07-30; 16:33:59; 00:36:38; Триблок; Обед;
2023-07-30; 05:22:15; 00:08:50; |Мюзлёвочный аппарат;| Настройка;
2023-07-30; 08:37:02; 00:05:09; Принтер; |Настройка принтера даты;|
2023-07-30; 19:40:28; 00:04:08; Этикетировка; Настройка;
2023-07-30; 07:15:32; 00:04:11; Этикетировка; |Замена контрэтикетки, этикетки, марки;|
2023-07-30; 19:44:37; 00:14:50; Триблок; None;
2023-07-30; 12:05:48; 00:16:03; Триблок; |Ремонт наливного крана;|
2023-07-30; 12:43:53; 00:04:12; Этикетировка; |Замена контрэтикетки, этикетки, марки;|
2023-07-30; 07:23:55; 00:17:29; |Мюзлёвочный аппарат;| None;
2023-07-30; 22:33:00; 00:07:09; |Мюзлёвочный аппарат;| Настройка;
2023-07-30; 13:15:45; 00:04:02; |Капсуляторная машина;| Настройка;
2023-07-30; 19:31:38; 00:03:00; |Этикетировочная машина;| |Замена контрэтикетки, этикетки, марки;|
2023-07-30; 17:38:26; 00:06:44; Этикетировка; Настройка;
2023-07-30; 22:51:46; 00:04:52; |Мюзлёвочный аппарат;| Настройка;
2023-07-30; 23:35:02; 00:26:54; Триблок; |Закрытие партии суточное;|
2023-07-30; 20:33:26; 00:10:29; |Мюзлёвочный аппарат;| Настройка;
2023-07-31; 00:03:00; 00:41:52; Триблок; |Открытие партии суточное;|
2023-07-30; 20:21:28; 00:05:19; |Групповой считыватель;| |Замена рибона, коробочного стикера;|
2023-07-31; 01:08:23; 00:48:38; Этикетировка; |Поломка аппарата;|
2023-07-31; 13:19:32; 00:05:22; Триблок; Настройка;
2023-07-31; 17:17:53; 00:08:50; |Мюзлёвочный аппарат;| Настройка;
2023-07-31; 06:28:26; 00:03:42; |Групповой считыватель;| |Сбой в работе помарочн. учета;|
2023-07-31; 06:42:30; 00:03:59; |Групповой считыватель;| |Сбой в работе помарочн. учета;|
2023-07-31; 15:31:35; 00:13:16; Триблок; Настройка;
2023-07-31; 11:00:17; 00:05:44; Этикетировка; |Замена контрэтикетки, этикетки, марки;|
2023-07-31; 02:10:13; 00:04:30; |Мюзлёвочный аппарат;| Настройка;
2023-07-31; 06:54:03; 00:04:20; |Групповой считыватель;| |Замена контрэтикетки, этикетки, марки;|
2023-07-31; 03:42:28; 00:12:30; |Укладчик бутылок;| Настройка;
2023-07-31; 18:53:49; 00:04:44; |Аппликатор  QR-кода;| |Замена QR;|
2023-07-31; 17:37:04; 00:04:39; |Этикетировочная машина;| |Замена контрэтикетки, этикетки, марки;|
2023-07-31; 07:03:56; 00:03:26; |Капсуляторная машина;| Настройка;
2023-07-31; 12:17:37; 00:03:37; Этикетировка; |Замена контрэтикетки, этикетки, марки;|
2023-07-31; 03:10:22; 00:06:11; |Укладчик бутылок;| Настройка;
2023-07-31; 11:14:05; 00:11:36; Триблок; |Замена водяных фильтров;|
2023-07-31; 03:05:59; 00:03:58; Этикетировка; |Замена контрэтикетки, этикетки, марки;|
2023-07-31; 07:54:38; 00:03:44; Этикетировка; None;
2023-07-31; 02:24:31; 00:04:02; |Групповой считыватель;| |Замена рибона, коробочного стикера;|
2023-07-31; 14:45:51; 00:07:34; Триблок; |Ремонт наливного крана;|
2023-07-31; 02:18:06; 00:06:05; |Капсуляторная машина;| Настройка;
2023-07-31; 03:57:18; 00:38:00; Триблок; Обед;
2023-07-31; 18:41:42; 00:12:06; Этикетировка; |Порвалась к.этик, этикетка;|
2023-07-31; 16:25:36; 00:07:22; Этикетировка; |Ремонт наливного крана;|
2023-07-31; 08:12:49; 01:01:48; Этикетировка; |Мойка (сан. час);|
2023-07-31; 15:10:41; 00:04:11; |Укладчик бутылок;| Настройка;
2023-07-31; 09:16:59; 00:05:09; |Триблок розлива;| Настройка;
2023-07-31; 04:53:35; 00:04:33; |Мюзлёвочный аппарат;| Настройка;
2023-07-31; 05:29:19; 00:04:15; Этикетировка; |Замена контрэтикетки, этикетки, марки;|
2023-07-31; 05:40:52; 00:04:52; Этикетировка; |Замена контрэтикетки, этикетки, марки;|
2023-07-31; 16:34:00; 00:38:41; Триблок; Обед;
2023-07-31; 18:09:43; 00:07:28; |Этикетировочная машина;| |Порвалась к.этик, этикетка;|
2023-07-31; 19:09:20; 00:07:36; |Этикетировочная машина;| |Порвалась к.этик, этикетка;|
2023-07-31; 10:13:24; 00:09:52; Триблок; Настройка;
2023-07-31; 14:03:39; 00:06:39; |Капсуляторная машина;| Настройка;
2023-07-31; 13:25:51; 00:23:15; Триблок; |Переход по этикетке и в/м;|
2023-07-31; 21:16:35; 00:04:33; Этикетировка; Настройка;
2023-07-31; 21:24:16; 00:03:32; |Мюзлёвочный аппарат;| Настройка;
2023-07-31; 21:54:35; 00:05:40; Этикетировка; Настройка;
2023-07-31; 22:56:11; 00:05:19; Этикетировка; Настройка;
2023-07-31; 23:13:52; 00:04:30; |Этикетировочная машина;| |Замена контрэтикетки, этикетки, марки;|
2023-07-31; 23:24:09; 00:06:15; Триблок; Настройка;
2023-08-01; 07:21:28; 00:03:52; Триблок; Настройка;
2023-08-01; 07:43:47; 00:19:09; Триблок; None;
2023-08-01; 08:04:00; None; ТО; None;
2023-08-01; 01:25:28; 00:18:57; Триблок; |Переход по этикетке и в/м;|
2023-08-01; 00:03:00; 00:39:41; Триблок; Обед;
2023-08-01; 00:55:07; 00:12:58; Триблок; |Ремонт наливного крана;|
2023-08-01; 01:10:53; 00:11:51; Триблок; Настройка;
2023-08-01; 01:53:27; 00:04:21; Триблок; |Поломка аппарата;|
2023-08-01; 03:42:46; 00:04:15; Этикетировка; Настройка;
2023-08-01; 03:47:26; 00:03:41; |Этикетировочная машина;| |Замена контрэтикетки, этикетки, марки;|
2023-08-01; 03:53:23; 00:43:04; Триблок; Обед;
2023-08-01; 05:24:34; 00:04:35; Триблок; |Ремонт наливного крана;|
2023-08-01; 06:47:57; 00:03:25; Триблок; Настройка;
